,rand_point,COMMUNE,POP_TOT,MENAGES,AREA,DENSITE,DENS_URB,DENS_RUR,Shape_Area,Shape_Leng,NUMTram_St,NUMBus_Sta,Leng_Prima,Count_Prim,Leng_Secon,Count_Seco,Num_Speed_,Leng_Motor,Count_Moto,Zone_Area,Indu_Area,Commercial,residencia,Park_Area,University,Parking_Ar,geometry,address
0,0.0,Echchallalate,153118.0,27433.0,425830.0,10614.16015625,10614.16015625,0.0,0.016124047338963,0.758665561676025,0.0,0.0,171.09891510374027,6.0,16.502690196577333,2.0,0.0,22295.031908122968,22.0,68446680.65,1123685.54,0.0,747077.8899999999,1313.5700000000002,0.0,39483.12,POINT (-7.395306348809435 33.56968640878232),"RP3301, Sidi Moussa Ben Ali ⵙⵉⴷⵉ ⵎⵓⵙⴰ ⴱⵏ ⵄⵍⵉ سيدي موسى بن علي, caïdat de Sidi Moussa Ben Ali, cercle de Zenata, Préfecture de Mohammédia عمالة المحمدية, Casablanca-Settat ⵜⵉⴳⵎⵉ ⵜⵓⵎⵍⵉⵍⵜ-ⵙⵟⵟⴰⵜ الدار البيضاء-سطات, 28814, Maroc / ⵍⵎⵖⵔⵉⴱ / المغرب"
1,1.0,Echchallalate,153118.0,27433.0,425830.0,10614.16015625,10614.16015625,0.0,0.016124047338963,0.758665561676025,0.0,0.0,171.09891510374027,6.0,16.502690196577333,2.0,0.0,22295.031908122968,22.0,68446680.65,1123685.54,0.0,747077.8899999999,1313.5700000000002,0.0,39483.12,POINT (-7.408108582535458 33.64792053315948),"RP3019, Chellalate ⵛⵍⵍⴰⵍⴰⵜ الشلالات, caïdat de Zenata, Pachalik de Chellalate, Préfecture de Mohammédia عمالة المحمدية, Casablanca-Settat ⵜⵉⴳⵎⵉ ⵜⵓⵎⵍⵉⵍⵜ-ⵙⵟⵟⴰⵜ الدار البيضاء-سطات, 28803, Maroc / ⵍⵎⵖⵔⵉⴱ / المغرب"
2,2.0,Echchallalate,153118.0,27433.0,425830.0,10614.16015625,10614.16015625,0.0,0.016124047338963,0.758665561676025,0.0,0.0,171.09891510374027,6.0,16.502690196577333,2.0,0.0,22295.031908122968,22.0,68446680.65,1123685.54,0.0,747077.8899999999,1313.5700000000002,0.0,39483.12,POINT (-7.458959071198275 33.61536594040621),"Chellalate ⵛⵍⵍⴰⵍⴰⵜ الشلالات, caïdat de Zenata, Pachalik de Chellalate, Préfecture de Mohammédia عمالة المحمدية, Casablanca-Settat ⵜⵉⴳⵎⵉ ⵜⵓⵎⵍⵉⵍⵜ-ⵙⵟⵟⴰⵜ الدار البيضاء-سطات, 28630, Maroc / ⵍⵎⵖⵔⵉⴱ / المغرب"
3,3.0,Echchallalate,153118.0,27433.0,425830.0,10614.16015625,10614.16015625,0.0,0.016124047338963,0.758665561676025,0.0,0.0,171.09891510374027,6.0,16.502690196577333,2.0,0.0,22295.031908122968,22.0,68446680.65,1123685.54,0.0,747077.8899999999,1313.5700000000002,0.0,39483.12,POINT (-7.44403942378749 33.62789799357488),"Ain Harrouda عين حرودة, Pachalik de Ain Harrouda, Préfecture de Mohammédia عمالة المحمدية, Casablanca-Settat ⵜⵉⴳⵎⵉ ⵜⵓⵎⵍⵉⵍⵜ-ⵙⵟⵟⴰⵜ الدار البيضاء-سطات, 28630, Maroc / ⵍⵎⵖⵔⵉⴱ / المغرب"
4,4.0,Echchallalate,153118.0,27433.0,425830.0,10614.16015625,10614.16015625,0.0,0.016124047338963,0.758665561676025,0.0,0.0,171.09891510374027,6.0,16.502690196577333,2.0,0.0,22295.031908122968,22.0,68446680.65,1123685.54,0.0,747077.8899999999,1313.5700000000002,0.0,39483.12,POINT (-7.484442852640369 33.60105039866384),"Hay Al Azhar, arrondissement de Sidi Moumen مقاطعة سيدي مومن, préfecture d'arrondissements de Sidi Bernoussi عمالة مقاطعات سيدي البرنوصي, Préfecture de Casablanca عمالة الدار البيضاء, Casablanca-Settat ⵜⵉⴳⵎⵉ ⵜⵓⵎⵍⵉⵍⵜ-ⵙⵟⵟⴰⵜ الدار البيضاء-سطات, 20603, Maroc / ⵍⵎⵖⵔⵉⴱ / المغرب"
5,5.0,Sidi Maarouf,30627.0,5711.5712890625,672327.125,2149.239990234375,2149.239990234375,0.0,0.002108098706231,0.204162463545799,0.0,6.0,2374.5148936870132,12.0,1731.5025288954196,11.0,0.0,16525.364944420897,19.0,24274975.85,233905.16999999998,5557.95,5336566.25,60665.91,53626.46,15468.0,POINT (-7.633357283646167 33.48569462458445),"RP3026, Bouskoura بوسكورة, Pachalik de Bouskoura باشوية بوسكورة, Province Nouaceur إقليم النواصر, Casablanca-Settat ⵜⵉⴳⵎⵉ ⵜⵓⵎⵍⵉⵍⵜ-ⵙⵟⵟⴰⵜ الدار البيضاء-سطات, 20192, Maroc / ⵍⵎⵖⵔⵉⴱ / المغرب"
6,6.0,Sidi Maarouf,30627.0,5711.5712890625,672327.125,2149.239990234375,2149.239990234375,0.0,0.002108098706231,0.204162463545799,0.0,6.0,2374.5148936870132,12.0,1731.5025288954196,11.0,0.0,16525.364944420897,19.0,24274975.85,233905.16999999998,5557.95,5336566.25,60665.91,53626.46,15468.0,POINT (-7.636924760146013 33.52566603266665),"ISCAE, Route de Marrakech, Casablanca ⵜⵉⴳⵎⵉ ⵜⵓⵎⵍⵉⵍⵜ الدار البيضاء, Pachalik de Casablanca, Préfecture de Casablanca عمالة الدار البيضاء, Casablanca-Settat ⵜⵉⴳⵎⵉ ⵜⵓⵎⵍⵉⵍⵜ-ⵙⵟⵟⴰⵜ الدار البيضاء-سطات, 20001, Maroc / ⵍⵎⵖⵔⵉⴱ / المغرب"
7,7.0,Sidi Maarouf,30627.0,5711.5712890625,672327.125,2149.239990234375,2149.239990234375,0.0,0.002108098706231,0.204162463545799,0.0,6.0,2374.5148936870132,12.0,1731.5025288954196,11.0,0.0,16525.364944420897,19.0,24274975.85,233905.16999999998,5557.95,5336566.25,60665.91,53626.46,15468.0,POINT (-7.641582183521106 33.48716086847907),"Bouskoura بوسكورة, Pachalik de Bouskoura باشوية بوسكورة, Province Nouaceur إقليم النواصر, Casablanca-Settat ⵜⵉⴳⵎⵉ ⵜⵓⵎⵍⵉⵍⵜ-ⵙⵟⵟⴰⵜ الدار البيضاء-سطات, 20192, Maroc / ⵍⵎⵖⵔⵉⴱ / المغرب"
8,8.0,Sidi Maarouf,30627.0,5711.5712890625,672327.125,2149.239990234375,2149.239990234375,0.0,0.002108098706231,0.204162463545799,0.0,6.0,2374.5148936870132,12.0,1731.5025288954196,11.0,0.0,16525.364944420897,19.0,24274975.85,233905.16999999998,5557.95,5336566.25,60665.91,53626.46,15468.0,POINT (-7.652317932191367 33.48147210659073),"Bouskoura بوسكورة, Pachalik de Bouskoura باشوية بوسكورة, Province Nouaceur إقليم النواصر, Casablanca-Settat ⵜⵉⴳⵎⵉ ⵜⵓⵎⵍⵉⵍⵜ-ⵙⵟⵟⴰⵜ الدار البيضاء-سطات, 20192, Maroc / ⵍⵎⵖⵔⵉⴱ / المغرب"
9,9.0,Sidi Maarouf,30627.0,5711.5712890625,672327.125,2149.239990234375,2149.239990234375,0.0,0.002108098706231,0.204162463545799,0.0,6.0,2374.5148936870132,12.0,1731.5025288954196,11.0,0.0,16525.364944420897,19.0,24274975.85,233905.16999999998,5557.95,5336566.25,60665.91,53626.46,15468.0,POINT (-7.650754644736764 33.49835474797786),"Autoroute Rabat - Safi طرق السيارات الرباط - آسفي, Bouskoura بوسكورة, Pachalik de Bouskoura باشوية بوسكورة, Province Nouaceur إقليم النواصر, Casablanca-Settat ⵜⵉⴳⵎⵉ ⵜⵓⵎⵍⵉⵍⵜ-ⵙⵟⵟⴰⵜ الدار البيضاء-سطات, 20192, Maroc / ⵍⵎⵖⵔⵉⴱ / المغرب"
10,10.0,Anfa,118056.8828125,22528.076171875,435998.46875,9013.130859375,8525.068359375,0.0,0.001761266612448,0.232885912060738,8.0,84.0,30899.898169815955,143.0,38455.37480423059,154.0,0.0,15056.484393146728,42.0,18134837.18,0.0,0.0,146218600.14,92624.32,57560.53,30090.12,POINT (-7.641205434655191 33.58362798256997),"khouribga, Boulevard Bir Anzarane, El Maarif ⵍⵎⵄⴰⵔⵉⴼ المعاريف, Casablanca ⵜⵉⴳⵎⵉ ⵜⵓⵎⵍⵉⵍⵜ الدار البيضاء, Pachalik de Casablanca, Préfecture de Casablanca عمالة الدار البيضاء, Casablanca-Settat ⵜⵉⴳⵎⵉ ⵜⵓⵎⵍⵉⵍⵜ-ⵙⵟⵟⴰⵜ الدار البيضاء-سطات, 20330, Maroc / ⵍⵎⵖⵔⵉⴱ / المغرب"
11,11.0,Anfa,118056.8828125,22528.076171875,435998.46875,9013.130859375,8525.068359375,0.0,0.001761266612448,0.232885912060738,8.0,84.0,30899.898169815955,143.0,38455.37480423059,154.0,0.0,15056.484393146728,42.0,18134837.18,0.0,0.0,146218600.14,92624.32,57560.53,30090.12,POINT (-7.706392033086802 33.57318797230987),"arrondissement d'Anfa مقاطعة أنفا, préfecture d'arrondissements de Casablanca-Anfa عمالة مقاطعات الدار البيضاء أنفا, Préfecture de Casablanca عمالة الدار البيضاء, Casablanca-Settat ⵜⵉⴳⵎⵉ ⵜⵓⵎⵍⵉⵍⵜ-ⵙⵟⵟⴰⵜ الدار البيضاء-سطات, 20202, Maroc / ⵍⵎⵖⵔⵉⴱ / المغرب"
12,12.0,Anfa,118056.8828125,22528.076171875,435998.46875,9013.130859375,8525.068359375,0.0,0.001761266612448,0.232885912060738,8.0,84.0,30899.898169815955,143.0,38455.37480423059,154.0,0.0,15056.484393146728,42.0,18134837.18,0.0,0.0,146218600.14,92624.32,57560.53,30090.12,POINT (-7.685470614992624 33.56900320433211),"Route Sidi Al Khadir, Lotissement Yaksour, Hay Hassani ⵃⴰⵢ ⵍⵃⴰⵙⴰⵏⵉ حي الحسني, arrondissement de Hay Hassani مقاطعة الحي الحسني, préfecture d'arrondissement de Hay Hassani, Préfecture de Casablanca عمالة الدار البيضاء, Casablanca-Settat ⵜⵉⴳⵎⵉ ⵜⵓⵎⵍⵉⵍⵜ-ⵙⵟⵟⴰⵜ الدار البيضاء-سطات, 20202, Maroc / ⵍⵎⵖⵔⵉⴱ / المغرب"
13,13.0,Anfa,118056.8828125,22528.076171875,435998.46875,9013.130859375,8525.068359375,0.0,0.001761266612448,0.232885912060738,8.0,84.0,30899.898169815955,143.0,38455.37480423059,154.0,0.0,15056.484393146728,42.0,18134837.18,0.0,0.0,146218600.14,92624.32,57560.53,30090.12,POINT (-7.653642054412161 33.59001039834734),"Rue des Tilleuls, arrondissement d'Anfa مقاطعة أنفا, préfecture d'arrondissements de Casablanca-Anfa عمالة مقاطعات الدار البيضاء أنفا, Préfecture de Casablanca عمالة الدار البيضاء, Casablanca-Settat ⵜⵉⴳⵎⵉ ⵜⵓⵎⵍⵉⵍⵜ-ⵙⵟⵟⴰⵜ الدار البيضاء-سطات, 20370, Maroc / ⵍⵎⵖⵔⵉⴱ / المغرب"
14,14.0,Anfa,118056.8828125,22528.076171875,435998.46875,9013.130859375,8525.068359375,0.0,0.001761266612448,0.232885912060738,8.0,84.0,30899.898169815955,143.0,38455.37480423059,154.0,0.0,15056.484393146728,42.0,18134837.18,0.0,0.0,146218600.14,92624.32,57560.53,30090.12,POINT (-7.672839658473646 33.5863596041043),"Boulevard de l'Océan Pacifique, عين الذئاب, Anfa ⴰⵏⴼⴰ أنفا, arrondissement d'Anfa مقاطعة أنفا, préfecture d'arrondissements de Casablanca-Anfa عمالة مقاطعات الدار البيضاء أنفا, Préfecture de Casablanca عمالة الدار البيضاء, Casablanca-Settat ⵜⵉⴳⵎⵉ ⵜⵓⵎⵍⵉⵍⵜ-ⵙⵟⵟⴰⵜ الدار البيضاء-سطات, 20180, Maroc / ⵍⵎⵖⵔⵉⴱ / المغرب"
15,15.0,Assoukhour Assawda,120479.875,24751.125,606841.3125,35192.34765625,62482.203125,0.0,0.000840479042381,0.194545105099678,12.0,42.0,13646.671236707585,64.0,12888.393474410563,75.0,1.0,2798.728693531027,2.0,8653971.31,1580529.43,0.0,5753371.55,123746.79999999999,0.0,605.23,POINT (-7.594817038083934 33.60744498126024),"ميناء الدار البيضاء Port de Casablanca, arrondissement de Sidi Belyout مقاطعة سيدي بليوط, Pachalik de Casablanca, Préfecture de Casablanca عمالة الدار البيضاء, Casablanca-Settat ⵜⵉⴳⵎⵉ ⵜⵓⵎⵍⵉⵍⵜ-ⵙⵟⵟⴰⵜ الدار البيضاء-سطات, Maroc / ⵍⵎⵖⵔⵉⴱ / المغرب"
16,16.0,Assoukhour Assawda,120479.875,24751.125,606841.3125,35192.34765625,62482.203125,0.0,0.000840479042381,0.194545105099678,12.0,42.0,13646.671236707585,64.0,12888.393474410563,75.0,1.0,2798.728693531027,2.0,8653971.31,1580529.43,0.0,5753371.55,123746.79999999999,0.0,605.23,POINT (-7.598277515736249 33.59975258522957),"ميناء الدار البيضاء Port de Casablanca, arrondissement de Sidi Belyout مقاطعة سيدي بليوط, Pachalik de Casablanca, Préfecture de Casablanca عمالة الدار البيضاء, Casablanca-Settat ⵜⵉⴳⵎⵉ ⵜⵓⵎⵍⵉⵍⵜ-ⵙⵟⵟⴰⵜ الدار البيضاء-سطات, 20082, Maroc / ⵍⵎⵖⵔⵉⴱ / المغرب"
17,17.0,Assoukhour Assawda,120479.875,24751.125,606841.3125,35192.34765625,62482.203125,0.0,0.000840479042381,0.194545105099678,12.0,42.0,13646.671236707585,64.0,12888.393474410563,75.0,1.0,2798.728693531027,2.0,8653971.31,1580529.43,0.0,5753371.55,123746.79999999999,0.0,605.23,POINT (-7.598608381573141 33.58691859602058),"Rue Saint Savin, Roches-Noires ⵙⵓⵅⵓⵔ ⵙⴰⵡⴷⴰ الصخور السوداء, arrondissement des Roches noires مقاطعة الصخور السوداء, Pachalik de Casablanca, Préfecture de Casablanca عمالة الدار البيضاء, Casablanca-Settat ⵜⵉⴳⵎⵉ ⵜⵓⵎⵍⵉⵍⵜ-ⵙⵟⵟⴰⵜ الدار البيضاء-سطات, 20300, Maroc / ⵍⵎⵖⵔⵉⴱ / المغرب"
18,18.0,Assoukhour Assawda,120479.875,24751.125,606841.3125,35192.34765625,62482.203125,0.0,0.000840479042381,0.194545105099678,12.0,42.0,13646.671236707585,64.0,12888.393474410563,75.0,1.0,2798.728693531027,2.0,8653971.31,1580529.43,0.0,5753371.55,123746.79999999999,0.0,605.23,POINT (-7.586369622373369 33.57004078302619),"Rue 55, Hay El Farah, arrondissement d'Al Fida مقاطعة الفداء, préfecture d’arrondissements Al Fida-Mers Sultan عمالة مقاطعات الفداء مرس السلطان, Préfecture de Casablanca عمالة الدار البيضاء, Casablanca-Settat ⵜⵉⴳⵎⵉ ⵜⵓⵎⵍⵉⵍⵜ-ⵙⵟⵟⴰⵜ الدار البيضاء-سطات, 20530, Maroc / ⵍⵎⵖⵔⵉⴱ / المغرب"
19,19.0,Assoukhour Assawda,120479.875,24751.125,606841.3125,35192.34765625,62482.203125,0.0,0.000840479042381,0.194545105099678,12.0,42.0,13646.671236707585,64.0,12888.393474410563,75.0,1.0,2798.728693531027,2.0,8653971.31,1580529.43,0.0,5753371.55,123746.79999999999,0.0,605.23,POINT (-7.586993050577685 33.60065834643184),"Avenue de l'Ambassadeur Ben Aicha, Roches-Noires ⵙⵓⵅⵓⵔ ⵙⴰⵡⴷⴰ الصخور السوداء, arrondissement des Roches noires مقاطعة الصخور السوداء, préfecture d'arrondissements d'Aïn Sebaâ-Hay Mohammadi عمالة مقاطعات عين السبع الحي المحمدي, Préfecture de Casablanca عمالة الدار البيضاء, Casablanca-Settat ⵜⵉⴳⵎⵉ ⵜⵓⵎⵍⵉⵍⵜ-ⵙⵟⵟⴰⵜ الدار البيضاء-سطات, 20303, Maroc / ⵍⵎⵖⵔⵉⴱ / المغرب"
20,20.0,Ben Msick,134933.8125,22787.908203124996,573305.4375,18783.462890625,18783.462890625,0.0,0.000332204333972,0.075306825339794,0.0,43.0,3063.5786454531785,10.0,4707.2023718243445,26.0,1.0,4294.255472270962,18.0,3422170.95,0.0,0.0,6165222.9,17259.22,0.0,0.0,POINT (-7.592916865060728 33.54280456391236),"Hay el Yacout, arrondissement d'Aîn-Chock مقاطعة عين الشق, préfecture d'arrondissement d'Aïn Chock, Préfecture de Casablanca عمالة الدار البيضاء, Casablanca-Settat ⵜⵉⴳⵎⵉ ⵜⵓⵎⵍⵉⵍⵜ-ⵙⵟⵟⴰⵜ الدار البيضاء-سطات, 20154, Maroc / ⵍⵎⵖⵔⵉⴱ / المغرب"
21,21.0,Ben Msick,134933.8125,22787.908203124996,573305.4375,18783.462890625,18783.462890625,0.0,0.000332204333972,0.075306825339794,0.0,43.0,3063.5786454531785,10.0,4707.2023718243445,26.0,1.0,4294.255472270962,18.0,3422170.95,0.0,0.0,6165222.9,17259.22,0.0,0.0,POINT (-7.58723626974825 33.55127435043131),"Lydec Dar Touzani, Avenue du 6 Novembre 1975, Jamila 2, Ben M'Sick ⴱⴰⵏ ⵎⵙⵉⴽ ابن امسيك, Casablanca ⵜⵉⴳⵎⵉ ⵜⵓⵎⵍⵉⵍⵜ الدار البيضاء, Pachalik de Casablanca, Préfecture de Casablanca عمالة الدار البيضاء, Casablanca-Settat ⵜⵉⴳⵎⵉ ⵜⵓⵎⵍⵉⵍⵜ-ⵙⵟⵟⴰⵜ الدار البيضاء-سطات, 20430, Maroc / ⵍⵎⵖⵔⵉⴱ / المغرب"
22,22.0,Ben Msick,134933.8125,22787.908203124996,573305.4375,18783.462890625,18783.462890625,0.0,0.000332204333972,0.075306825339794,0.0,43.0,3063.5786454531785,10.0,4707.2023718243445,26.0,1.0,4294.255472270962,18.0,3422170.95,0.0,0.0,6165222.9,17259.22,0.0,0.0,POINT (-7.576892643969408 33.53989839731031),"Rue 174 زنقة, Hay el Houda, Sbata ⵙⴱⴰⵜⴰ سباتة, arrondissement de Sbata مقاطعة سباتة, préfecture d'arrondissements de Ben M'sick, Préfecture de Casablanca عمالة الدار البيضاء, Casablanca-Settat ⵜⵉⴳⵎⵉ ⵜⵓⵎⵍⵉⵍⵜ-ⵙⵟⵟⴰⵜ الدار البيضاء-سطات, 20000, Maroc / ⵍⵎⵖⵔⵉⴱ / المغرب"
23,23.0,Ben Msick,134933.8125,22787.908203124996,573305.4375,18783.462890625,18783.462890625,0.0,0.000332204333972,0.075306825339794,0.0,43.0,3063.5786454531785,10.0,4707.2023718243445,26.0,1.0,4294.255472270962,18.0,3422170.95,0.0,0.0,6165222.9,17259.22,0.0,0.0,POINT (-7.585143142577575 33.54279982987987),"Crédit Agricole du Maroc, Boulevard Al Quds شارع القدس, Hay el Yacout, Casablanca ⵜⵉⴳⵎⵉ ⵜⵓⵎⵍⵉⵍⵜ الدار البيضاء, Pachalik de Casablanca, Préfecture de Casablanca عمالة الدار البيضاء, Casablanca-Settat ⵜⵉⴳⵎⵉ ⵜⵓⵎⵍⵉⵍⵜ-ⵙⵟⵟⴰⵜ الدار البيضاء-سطات, 20000, Maroc / ⵍⵎⵖⵔⵉⴱ / المغرب"
24,24.0,Ben Msick,134933.8125,22787.908203124996,573305.4375,18783.462890625,18783.462890625,0.0,0.000332204333972,0.075306825339794,0.0,43.0,3063.5786454531785,10.0,4707.2023718243445,26.0,1.0,4294.255472270962,18.0,3422170.95,0.0,0.0,6165222.9,17259.22,0.0,0.0,POINT (-7.583964839552067 33.53628780602985),"Hay el Osra, arrondissement d'Aîn-Chock مقاطعة عين الشق, préfecture d'arrondissement d'Aïn Chock, Préfecture de Casablanca عمالة الدار البيضاء, Casablanca-Settat ⵜⵉⴳⵎⵉ ⵜⵓⵎⵍⵉⵍⵜ-ⵙⵟⵟⴰⵜ الدار البيضاء-سطات, 20240, Maroc / ⵍⵎⵖⵔⵉⴱ / المغرب"
25,25.0,Bou Chentouf,165442.671875,32743.0,729161.8125,17667.9140625,9208.1611328125,0.0,0.000222719463636,0.058924946933985,0.0,15.0,1397.750823337182,16.0,7287.968137450856,55.0,1.0,4154.215679797264,12.0,2293999.32,35844.27,0.0,7922312.65,75041.7,0.0,0.0,POINT (-7.598079673528729 33.55263881331911),"Rue 44, Quartier Derb Lakdim حي الدرب القديم, arrondissement d'Aîn-Chock مقاطعة عين الشق, Pachalik de Casablanca, Préfecture de Casablanca عمالة الدار البيضاء, Casablanca-Settat ⵜⵉⴳⵎⵉ ⵜⵓⵎⵍⵉⵍⵜ-ⵙⵟⵟⴰⵜ الدار البيضاء-سطات, 20153, Maroc / ⵍⵎⵖⵔⵉⴱ / المغرب"
26,26.0,Bou Chentouf,165442.671875,32743.0,729161.8125,17667.9140625,9208.1611328125,0.0,0.000222719463636,0.058924946933985,0.0,15.0,1397.750823337182,16.0,7287.968137450856,55.0,1.0,4154.215679797264,12.0,2293999.32,35844.27,0.0,7922312.65,75041.7,0.0,0.0,POINT (-7.602434066270029 33.5612239916881),"Bouchentouf, Al Fida ⵍⴼⵉⴷⴰ ا لفداء, arrondissement d'Al Fida مقاطعة الفداء, préfecture d’arrondissements Al Fida-Mers Sultan عمالة مقاطعات الفداء مرس السلطان, Préfecture de Casablanca عمالة الدار البيضاء, Casablanca-Settat ⵜⵉⴳⵎⵉ ⵜⵓⵎⵍⵉⵍⵜ-ⵙⵟⵟⴰⵜ الدار البيضاء-سطات, 20062, Maroc / ⵍⵎⵖⵔⵉⴱ / المغرب"
27,27.0,Bou Chentouf,165442.671875,32743.0,729161.8125,17667.9140625,9208.1611328125,0.0,0.000222719463636,0.058924946933985,0.0,15.0,1397.750823337182,16.0,7287.968137450856,55.0,1.0,4154.215679797264,12.0,2293999.32,35844.27,0.0,7922312.65,75041.7,0.0,0.0,POINT (-7.606628807644618 33.55110680622544),"Hay Rmila, arrondissement d'Aîn-Chock مقاطعة عين الشق, Pachalik de Casablanca, Préfecture de Casablanca عمالة الدار البيضاء, Casablanca-Settat ⵜⵉⴳⵎⵉ ⵜⵓⵎⵍⵉⵍⵜ-ⵙⵟⵟⴰⵜ الدار البيضاء-سطات, 20550, Maroc / ⵍⵎⵖⵔⵉⴱ / المغرب"
28,28.0,Bou Chentouf,165442.671875,32743.0,729161.8125,17667.9140625,9208.1611328125,0.0,0.000222719463636,0.058924946933985,0.0,15.0,1397.750823337182,16.0,7287.968137450856,55.0,1.0,4154.215679797264,12.0,2293999.32,35844.27,0.0,7922312.65,75041.7,0.0,0.0,POINT (-7.609119650922892 33.55736883893674),"Al Fida ⵍⴼⵉⴷⴰ ا لفداء, arrondissement d'Al Fida مقاطعة الفداء, Pachalik de Casablanca, Préfecture de Casablanca عمالة الدار البيضاء, Casablanca-Settat ⵜⵉⴳⵎⵉ ⵜⵓⵎⵍⵉⵍⵜ-ⵙⵟⵟⴰⵜ الدار البيضاء-سطات, 20550, Maroc / ⵍⵎⵖⵔⵉⴱ / المغرب"
29,29.0,Bou Chentouf,165442.671875,32743.0,729161.8125,17667.9140625,9208.1611328125,0.0,0.000222719463636,0.058924946933985,0.0,15.0,1397.750823337182,16.0,7287.968137450856,55.0,1.0,4154.215679797264,12.0,2293999.32,35844.27,0.0,7922312.65,75041.7,0.0,0.0,POINT (-7.594952777566913 33.5594284108214),"Autoroute Urbaine de Casablanca, Idrissia, Al Fida ⵍⴼⵉⴷⴰ ا لفداء, arrondissement d'Al Fida مقاطعة الفداء, préfecture d’arrondissements Al Fida-Mers Sultan عمالة مقاطعات الفداء مرس السلطان, Préfecture de Casablanca عمالة الدار البيضاء, Casablanca-Settat ⵜⵉⴳⵎⵉ ⵜⵓⵎⵍⵉⵍⵜ-ⵙⵟⵟⴰⵜ الدار البيضاء-سطات, 20062, Maroc / ⵍⵎⵖⵔⵉⴱ / المغرب"
30,30.0,El Maarif,184958.09375,36683.28515625,662809.0624999999,12646.759765625,4791.2744140625,0.0,0.001218318124302,0.164528772234917,24.0,52.0,16558.411301330405,111.0,27815.01710335466,131.0,1.0,7633.890414418322,25.0,12757122.57,0.0,67409.67,23034957.21,64576.4,37447.99,22084.75,POINT (-7.644186735862398 33.56934610669519),"Boulevard Ibrahim Roudani, Cité Plateau, El Maarif ⵍⵎⵄⴰⵔⵉⴼ المعاريف, arrondissement d'El Maarif مقاطعة المعاريف, préfecture d'arrondissements de Casablanca-Anfa عمالة مقاطعات الدار البيضاء أنفا, Préfecture de Casablanca عمالة الدار البيضاء, Casablanca-Settat ⵜⵉⴳⵎⵉ ⵜⵓⵎⵍⵉⵍⵜ-ⵙⵟⵟⴰⵜ الدار البيضاء-سطات, 20026, Maroc / ⵍⵎⵖⵔⵉⴱ / المغرب"
31,31.0,El Maarif,184958.09375,36683.28515625,662809.0624999999,12646.759765625,4791.2744140625,0.0,0.001218318124302,0.164528772234917,24.0,52.0,16558.411301330405,111.0,27815.01710335466,131.0,1.0,7633.890414418322,25.0,12757122.57,0.0,67409.67,23034957.21,64576.4,37447.99,22084.75,POINT (-7.652547715520084 33.57439940559289),"Rue Jabel Saghro, El Maarif ⵍⵎⵄⴰⵔⵉⴼ المعاريف, Casablanca ⵜⵉⴳⵎⵉ ⵜⵓⵎⵍⵉⵍⵜ الدار البيضاء, Pachalik de Casablanca, Préfecture de Casablanca عمالة الدار البيضاء, Casablanca-Settat ⵜⵉⴳⵎⵉ ⵜⵓⵎⵍⵉⵍⵜ-ⵙⵟⵟⴰⵜ الدار البيضاء-سطات, 20203, Maroc / ⵍⵎⵖⵔⵉⴱ / المغرب"
32,32.0,El Maarif,184958.09375,36683.28515625,662809.0624999999,12646.759765625,4791.2744140625,0.0,0.001218318124302,0.164528772234917,24.0,52.0,16558.411301330405,111.0,27815.01710335466,131.0,1.0,7633.890414418322,25.0,12757122.57,0.0,67409.67,23034957.21,64576.4,37447.99,22084.75,POINT (-7.639673809114366 33.55724595712827),"Rue Mohamed Ben Brahim, arrondissement d'El Maarif مقاطعة المعاريف, Pachalik de Casablanca, Préfecture de Casablanca عمالة الدار البيضاء, Casablanca-Settat ⵜⵉⴳⵎⵉ ⵜⵓⵎⵍⵉⵍⵜ-ⵙⵟⵟⴰⵜ الدار البيضاء-سطات, 20103, Maroc / ⵍⵎⵖⵔⵉⴱ / المغرب"
33,33.0,El Maarif,184958.09375,36683.28515625,662809.0624999999,12646.759765625,4791.2744140625,0.0,0.001218318124302,0.164528772234917,24.0,52.0,16558.411301330405,111.0,27815.01710335466,131.0,1.0,7633.890414418322,25.0,12757122.57,0.0,67409.67,23034957.21,64576.4,37447.99,22084.75,POINT (-7.618140348582532 33.57072251299429),"Rue Abou Narouane Abdelmalek, El Maarif ⵍⵎⵄⴰⵔⵉⴼ المعاريف, arrondissement d'El Maarif مقاطعة المعاريف, Pachalik de Casablanca, Préfecture de Casablanca عمالة الدار البيضاء, Casablanca-Settat ⵜⵉⴳⵎⵉ ⵜⵓⵎⵍⵉⵍⵜ-ⵙⵟⵟⴰⵜ الدار البيضاء-سطات, 20360, Maroc / ⵍⵎⵖⵔⵉⴱ / المغرب"
34,34.0,El Maarif,184958.09375,36683.28515625,662809.0624999999,12646.759765625,4791.2744140625,0.0,0.001218318124302,0.164528772234917,24.0,52.0,16558.411301330405,111.0,27815.01710335466,131.0,1.0,7633.890414418322,25.0,12757122.57,0.0,67409.67,23034957.21,64576.4,37447.99,22084.75,POINT (-7.639283797050576 33.54555018322015),"Bachkou, Zénith, arrondissement d'Aîn-Chock مقاطعة عين الشق, Pachalik de Casablanca, Préfecture de Casablanca عمالة الدار البيضاء, Casablanca-Settat ⵜⵉⴳⵎⵉ ⵜⵓⵎⵍⵉⵍⵜ-ⵙⵟⵟⴰⵜ الدار البيضاء-سطات, 20150, Maroc / ⵍⵎⵖⵔⵉⴱ / المغرب"
35,35.0,Hay Hassani,140728.03125,26403.5,502900.9375,7957.65087890625,7843.76171875,113.88937377929688,0.004520093556494,0.291974395513535,20.0,62.0,10584.781062319435,36.0,33114.512602738345,146.0,0.0,3178.0179682038997,19.0,15351330.37,18249.94,12345.63,25737555.349999998,341715.85,808420.0700000001,108370.88,POINT (-7.647488326947816 33.5617648719433),"Ferme Bretonne, arrondissement de Hay Hassani مقاطعة الحي الحسني, Pachalik de Casablanca, Préfecture de Casablanca عمالة الدار البيضاء, Casablanca-Settat ⵜⵉⴳⵎⵉ ⵜⵓⵎⵍⵉⵍⵜ-ⵙⵟⵟⴰⵜ الدار البيضاء-سطات, 20410, Maroc / ⵍⵎⵖⵔⵉⴱ / المغرب"
36,36.0,Hay Hassani,140728.03125,26403.5,502900.9375,7957.65087890625,7843.76171875,113.88937377929688,0.004520093556494,0.291974395513535,20.0,62.0,10584.781062319435,36.0,33114.512602738345,146.0,0.0,3178.0179682038997,19.0,15351330.37,18249.94,12345.63,25737555.349999998,341715.85,808420.0700000001,108370.88,POINT (-7.669169627366986 33.56891990079279),"Lycée Ibn Al Yassamine, Boulevard d'Oued Oum Rabia, Anfa Cité de l'Air, Hay Hassani ⵃⴰⵢ ⵍⵃⴰⵙⴰⵏⵉ حي الحسني, Casablanca ⵜⵉⴳⵎⵉ ⵜⵓⵎⵍⵉⵍⵜ الدار البيضاء, Pachalik de Casablanca, Préfecture de Casablanca عمالة الدار البيضاء, Casablanca-Settat ⵜⵉⴳⵎⵉ ⵜⵓⵎⵍⵉⵍⵜ-ⵙⵟⵟⴰⵜ الدار البيضاء-سطات, 20230, Maroc / ⵍⵎⵖⵔⵉⴱ / المغرب"
37,37.0,Hay Hassani,140728.03125,26403.5,502900.9375,7957.65087890625,7843.76171875,113.88937377929688,0.004520093556494,0.291974395513535,20.0,62.0,10584.781062319435,36.0,33114.512602738345,146.0,0.0,3178.0179682038997,19.0,15351330.37,18249.94,12345.63,25737555.349999998,341715.85,808420.0700000001,108370.88,POINT (-7.665145749112807 33.55421702823332),"Main Street شارع رئيسي, Main Street Sud شارع رئيسي الجنوب, Hay Hassani ⵃⴰⵢ ⵍⵃⴰⵙⴰⵏⵉ حي الحسني, arrondissement de Hay Hassani مقاطعة الحي الحسني, préfecture d'arrondissement de Hay Hassani, Préfecture de Casablanca عمالة الدار البيضاء, Casablanca-Settat ⵜⵉⴳⵎⵉ ⵜⵓⵎⵍⵉⵍⵜ-ⵙⵟⵟⴰⵜ الدار البيضاء-سطات, 20200, Maroc / ⵍⵎⵖⵔⵉⴱ / المغرب"
38,38.0,Hay Hassani,140728.03125,26403.5,502900.9375,7957.65087890625,7843.76171875,113.88937377929688,0.004520093556494,0.291974395513535,20.0,62.0,10584.781062319435,36.0,33114.512602738345,146.0,0.0,3178.0179682038997,19.0,15351330.37,18249.94,12345.63,25737555.349999998,341715.85,808420.0700000001,108370.88,POINT (-7.651791243629023 33.56854226850842),"Rue Al Ourjouane, Anfa Clubs, arrondissement de Hay Hassani مقاطعة الحي الحسني, Pachalik de Casablanca, Préfecture de Casablanca عمالة الدار البيضاء, Casablanca-Settat ⵜⵉⴳⵎⵉ ⵜⵓⵎⵍⵉⵍⵜ-ⵙⵟⵟⴰⵜ الدار البيضاء-سطات, 20203, Maroc / ⵍⵎⵖⵔⵉⴱ / المغرب"
39,39.0,Hay Hassani,140728.03125,26403.5,502900.9375,7957.65087890625,7843.76171875,113.88937377929688,0.004520093556494,0.291974395513535,20.0,62.0,10584.781062319435,36.0,33114.512602738345,146.0,0.0,3178.0179682038997,19.0,15351330.37,18249.94,12345.63,25737555.349999998,341715.85,808420.0700000001,108370.88,POINT (-7.686021183106305 33.55780575075923),"El Oulfa ⵍⵡⴰⵍⴼⴰ الولفة, Hay Hassani ⵃⴰⵢ ⵍⵃⴰⵙⴰⵏⵉ حي الحسني, arrondissement de Hay Hassani مقاطعة الحي الحسني, préfecture d'arrondissement de Hay Hassani, Préfecture de Casablanca عمالة الدار البيضاء, Casablanca-Settat ⵜⵉⴳⵎⵉ ⵜⵓⵎⵍⵉⵍⵜ-ⵙⵟⵟⴰⵜ الدار البيضاء-سطات, 20202, Maroc / ⵍⵎⵖⵔⵉⴱ / المغرب"
40,40.0,Hay Mohammadi,106843.21875,20434.333984375,285371.125,10690.560546875,10950.435546875,0.0,0.000439336028649,0.119565218687057,10.0,13.0,8059.39675863865,31.0,4617.549671696419,25.0,0.0,3650.15744296251,7.0,4523934.31,314153.63999999996,0.0,0.0,0.0,0.0,0.0,POINT (-7.566759982285982 33.5771652253387),"Boulevard Ibnou Adara Al Marrakechi, arrondissement des Roches noires مقاطعة الصخور السوداء, préfecture d'arrondissements d'Aïn Sebaâ-Hay Mohammadi عمالة مقاطعات عين السبع الحي المحمدي, Préfecture de Casablanca عمالة الدار البيضاء, Casablanca-Settat ⵜⵉⴳⵎⵉ ⵜⵓⵎⵍⵉⵍⵜ-ⵙⵟⵟⴰⵜ الدار البيضاء-سطات, 20353, Maroc / ⵍⵎⵖⵔⵉⴱ / المغرب"
41,41.0,Hay Mohammadi,106843.21875,20434.333984375,285371.125,10690.560546875,10950.435546875,0.0,0.000439336028649,0.119565218687057,10.0,13.0,8059.39675863865,31.0,4617.549671696419,25.0,0.0,3650.15744296251,7.0,4523934.31,314153.63999999996,0.0,0.0,0.0,0.0,0.0,POINT (-7.557628015411628 33.57371103880315),"Bournazel, Moulay Rachid ⵎⵓⵍⴰⵢ ⵔⵛⵉⴷ مولاي رشيد, arrondissement de Moulay Rachid مقاطعة مولاي رشيد, préfecture d'arrondissements de Moulay Rachid, Préfecture de Casablanca عمالة الدار البيضاء, Casablanca-Settat ⵜⵉⴳⵎⵉ ⵜⵓⵎⵍⵉⵍⵜ-ⵙⵟⵟⴰⵜ الدار البيضاء-سطات, 20703, Maroc / ⵍⵎⵖⵔⵉⴱ / المغرب"
42,42.0,Hay Mohammadi,106843.21875,20434.333984375,285371.125,10690.560546875,10950.435546875,0.0,0.000439336028649,0.119565218687057,10.0,13.0,8059.39675863865,31.0,4617.549671696419,25.0,0.0,3650.15744296251,7.0,4523934.31,314153.63999999996,0.0,0.0,0.0,0.0,0.0,POINT (-7.579664410522142 33.58558153300675),"Rue Zineb Ishaq, arrondissement des Roches noires مقاطعة الصخور السوداء, préfecture d'arrondissements d'Aïn Sebaâ-Hay Mohammadi عمالة مقاطعات عين السبع الحي المحمدي, Préfecture de Casablanca عمالة الدار البيضاء, Casablanca-Settat ⵜⵉⴳⵎⵉ ⵜⵓⵎⵍⵉⵍⵜ-ⵙⵟⵟⴰⵜ الدار البيضاء-سطات, 20320, Maroc / ⵍⵎⵖⵔⵉⴱ / المغرب"
43,43.0,Hay Mohammadi,106843.21875,20434.333984375,285371.125,10690.560546875,10950.435546875,0.0,0.000439336028649,0.119565218687057,10.0,13.0,8059.39675863865,31.0,4617.549671696419,25.0,0.0,3650.15744296251,7.0,4523934.31,314153.63999999996,0.0,0.0,0.0,0.0,0.0,POINT (-7.552954125796059 33.57963408783898),"Autoroute Urbaine de Casablanca, arrondissement de Sidi Moumen مقاطعة سيدي مومن, préfecture d'arrondissements de Sidi Bernoussi عمالة مقاطعات سيدي البرنوصي, Préfecture de Casablanca عمالة الدار البيضاء, Casablanca-Settat ⵜⵉⴳⵎⵉ ⵜⵓⵎⵍⵉⵍⵜ-ⵙⵟⵟⴰⵜ الدار البيضاء-سطات, 20570, Maroc / ⵍⵎⵖⵔⵉⴱ / المغرب"
44,44.0,Hay Mohammadi,106843.21875,20434.333984375,285371.125,10690.560546875,10950.435546875,0.0,0.000439336028649,0.119565218687057,10.0,13.0,8059.39675863865,31.0,4617.549671696419,25.0,0.0,3650.15744296251,7.0,4523934.31,314153.63999999996,0.0,0.0,0.0,0.0,0.0,POINT (-7.565003146178025 33.58760968997529),"Hay Mohammadi ⵃⴰⵢ ⵎⵓⵃⴰⵎⴰⴷⵉ حي المحمدي, arrondissement de Hay Mohammadi مقاطعة الحي المحمدي, préfecture d'arrondissements d'Aïn Sebaâ-Hay Mohammadi عمالة مقاطعات عين السبع الحي المحمدي, Préfecture de Casablanca عمالة الدار البيضاء, Casablanca-Settat ⵜⵉⴳⵎⵉ ⵜⵓⵎⵍⵉⵍⵜ-ⵙⵟⵟⴰⵜ الدار البيضاء-سطات, 20353, Maroc / ⵍⵎⵖⵔⵉⴱ / المغرب"
45,45.0,Ain Chock,147945.0,24882.0,469360.0,10875.911132812502,10875.911132812502,0.0,0.001157070859335,0.153846502304077,0.0,25.0,8211.17106847609,49.0,13284.0604412588,39.0,0.0,0.0,0.0,11921014.52,15608.93,0.0,10509618.64,10678.36,78479.44,3527.58,POINT (-7.627368587781716 33.5234096623697),"Aîn-Chock ⵄⵉⵏ ⵛⴰⵇ عين الشق, arrondissement d'Aîn-Chock مقاطعة عين الشق, préfecture d'arrondissement d'Aïn Chock, Préfecture de Casablanca عمالة الدار البيضاء, Casablanca-Settat ⵜⵉⴳⵎⵉ ⵜⵓⵎⵍⵉⵍⵜ-ⵙⵟⵟⴰⵜ الدار البيضاء-سطات, 20460, Maroc / ⵍⵎⵖⵔⵉⴱ / المغرب"
46,46.0,Ain Chock,147945.0,24882.0,469360.0,10875.911132812502,10875.911132812502,0.0,0.001157070859335,0.153846502304077,0.0,25.0,8211.17106847609,49.0,13284.0604412588,39.0,0.0,0.0,0.0,11921014.52,15608.93,0.0,10509618.64,10678.36,78479.44,3527.58,POINT (-7.6319518606039 33.54026411129312),"Douar Khouadra, Boulevard de Fès, Bachkou, Zénith, Casablanca ⵜⵉⴳⵎⵉ ⵜⵓⵎⵍⵉⵍⵜ الدار البيضاء, Pachalik de Casablanca, Préfecture de Casablanca عمالة الدار البيضاء, Casablanca-Settat ⵜⵉⴳⵎⵉ ⵜⵓⵎⵍⵉⵍⵜ-ⵙⵟⵟⴰⵜ الدار البيضاء-سطات, 20001, Maroc / ⵍⵎⵖⵔⵉⴱ / المغرب"
47,47.0,Ain Chock,147945.0,24882.0,469360.0,10875.911132812502,10875.911132812502,0.0,0.001157070859335,0.153846502304077,0.0,25.0,8211.17106847609,49.0,13284.0604412588,39.0,0.0,0.0,0.0,11921014.52,15608.93,0.0,10509618.64,10678.36,78479.44,3527.58,POINT (-7.603443488370979 33.54653026056302),"Rue 21 زنقة, Aîn-Chock ⵄⵉⵏ ⵛⴰⵇ عين الشق, arrondissement d'Aîn-Chock مقاطعة عين الشق, préfecture d'arrondissement d'Aïn Chock, Préfecture de Casablanca عمالة الدار البيضاء, Casablanca-Settat ⵜⵉⴳⵎⵉ ⵜⵓⵎⵍⵉⵍⵜ-ⵙⵟⵟⴰⵜ الدار البيضاء-سطات, 20440, Maroc / ⵍⵎⵖⵔⵉⴱ / المغرب"
48,48.0,Ain Chock,147945.0,24882.0,469360.0,10875.911132812502,10875.911132812502,0.0,0.001157070859335,0.153846502304077,0.0,25.0,8211.17106847609,49.0,13284.0604412588,39.0,0.0,0.0,0.0,11921014.52,15608.93,0.0,10509618.64,10678.36,78479.44,3527.58,POINT (-7.620207488965399 33.53076443517872),"Café Route Andalouss, Boulevard Al Quds شارع القدس, Hay Mandarona, Aîn-Chock ⵄⵉⵏ ⵛⴰⵇ عين الشق, Casablanca ⵜⵉⴳⵎⵉ ⵜⵓⵎⵍⵉⵍⵜ الدار البيضاء, Pachalik de Casablanca, Préfecture de Casablanca عمالة الدار البيضاء, Casablanca-Settat ⵜⵉⴳⵎⵉ ⵜⵓⵎⵍⵉⵍⵜ-ⵙⵟⵟⴰⵜ الدار البيضاء-سطات, 20460, Maroc / ⵍⵎⵖⵔⵉⴱ / المغرب"
49,49.0,Ain Chock,147945.0,24882.0,469360.0,10875.911132812502,10875.911132812502,0.0,0.001157070859335,0.153846502304077,0.0,25.0,8211.17106847609,49.0,13284.0604412588,39.0,0.0,0.0,0.0,11921014.52,15608.93,0.0,10509618.64,10678.36,78479.44,3527.58,POINT (-7.60743119944375 33.5331373999159),"Hay Mandarona, Aîn-Chock ⵄⵉⵏ ⵛⴰⵇ عين الشق, arrondissement d'Aîn-Chock مقاطعة عين الشق, préfecture d'arrondissement d'Aïn Chock, Préfecture de Casablanca عمالة الدار البيضاء, Casablanca-Settat ⵜⵉⴳⵎⵉ ⵜⵓⵎⵍⵉⵍⵜ-ⵙⵟⵟⴰⵜ الدار البيضاء-سطات, 20152, Maroc / ⵍⵎⵖⵔⵉⴱ / المغرب"
50,50.0,Ain Sebaa,147102.609375,25559.923828125,214870.0,16482.4140625,16482.4140625,0.0,0.002186775673181,0.247850149869919,22.0,89.0,22637.611403761708,91.0,9764.857453112774,49.0,0.0,19358.498117813273,49.0,22512645.039999995,5780586.55,0.0,15479280.43,389388.74,41906.47,68143.04000000001,POINT (-7.527055886982375 33.60633088593887),"Fiori, Route de Rabat طريق الرباط, Aïn Sebaâ ⵄⵉⵏ ⵙⴱⴰⵄ عين السبع, Casablanca ⵜⵉⴳⵎⵉ ⵜⵓⵎⵍⵉⵍⵜ الدار البيضاء, Pachalik de Casablanca, Préfecture de Casablanca عمالة الدار البيضاء, Casablanca-Settat ⵜⵉⴳⵎⵉ ⵜⵓⵎⵍⵉⵍⵜ-ⵙⵟⵟⴰⵜ الدار البيضاء-سطات, 20254, Maroc / ⵍⵎⵖⵔⵉⴱ / المغرب"
51,51.0,Ain Sebaa,147102.609375,25559.923828125,214870.0,16482.4140625,16482.4140625,0.0,0.002186775673181,0.247850149869919,22.0,89.0,22637.611403761708,91.0,9764.857453112774,49.0,0.0,19358.498117813273,49.0,22512645.039999995,5780586.55,0.0,15479280.43,389388.74,41906.47,68143.04000000001,POINT (-7.552505825461063 33.59262534701576),"Dar Lamane, Aïn Sebaâ ⵄⵉⵏ ⵙⴱⴰⵄ عين السبع, arrondissement d'Aïn Sebaâ مقاطعة عين السبع, préfecture d'arrondissements d'Aïn Sebaâ-Hay Mohammadi عمالة مقاطعات عين السبع الحي المحمدي, Préfecture de Casablanca عمالة الدار البيضاء, Casablanca-Settat ⵜⵉⴳⵎⵉ ⵜⵓⵎⵍⵉⵍⵜ-ⵙⵟⵟⴰⵜ الدار البيضاء-سطات, 20352, Maroc / ⵍⵎⵖⵔⵉⴱ / المغرب"
52,52.0,Ain Sebaa,147102.609375,25559.923828125,214870.0,16482.4140625,16482.4140625,0.0,0.002186775673181,0.247850149869919,22.0,89.0,22637.611403761708,91.0,9764.857453112774,49.0,0.0,19358.498117813273,49.0,22512645.039999995,5780586.55,0.0,15479280.43,389388.74,41906.47,68143.04000000001,POINT (-7.530093623695426 33.61603358538719),"Pharmacie Fourkane صيدلية, Boulevard des Figuiers, Aïn Sebaâ ⵄⵉⵏ ⵙⴱⴰⵄ عين السبع, Casablanca ⵜⵉⴳⵎⵉ ⵜⵓⵎⵍⵉⵍⵜ الدار البيضاء, Pachalik de Casablanca, Préfecture de Casablanca عمالة الدار البيضاء, Casablanca-Settat ⵜⵉⴳⵎⵉ ⵜⵓⵎⵍⵉⵍⵜ-ⵙⵟⵟⴰⵜ الدار البيضاء-سطات, 20252, Maroc / ⵍⵎⵖⵔⵉⴱ / المغرب"
53,53.0,Ain Sebaa,147102.609375,25559.923828125,214870.0,16482.4140625,16482.4140625,0.0,0.002186775673181,0.247850149869919,22.0,89.0,22637.611403761708,91.0,9764.857453112774,49.0,0.0,19358.498117813273,49.0,22512645.039999995,5780586.55,0.0,15479280.43,389388.74,41906.47,68143.04000000001,POINT (-7.57101707232315 33.6086212940201),"Boulevard Moulay Slimane, arrondissement des Roches noires مقاطعة الصخور السوداء, préfecture d'arrondissements d'Aïn Sebaâ-Hay Mohammadi عمالة مقاطعات عين السبع الحي المحمدي, Préfecture de Casablanca عمالة الدار البيضاء, Casablanca-Settat ⵜⵉⴳⵎⵉ ⵜⵓⵎⵍⵉⵍⵜ-ⵙⵟⵟⴰⵜ الدار البيضاء-سطات, 20303, Maroc / ⵍⵎⵖⵔⵉⴱ / المغرب"
54,54.0,Ain Sebaa,147102.609375,25559.923828125,214870.0,16482.4140625,16482.4140625,0.0,0.002186775673181,0.247850149869919,22.0,89.0,22637.611403761708,91.0,9764.857453112774,49.0,0.0,19358.498117813273,49.0,22512645.039999995,5780586.55,0.0,15479280.43,389388.74,41906.47,68143.04000000001,POINT (-7.514349381506551 33.58758253456271),"Boulevard Mohamed Al Bakkali, Carrières Rehamna كريان الرحامنة, Sidi Moumen ⵙⵉⴷⵉ ⵎⵓⵎⴰⵏ سيدي مومن, arrondissement de Sidi Moumen مقاطعة سيدي مومن, préfecture d'arrondissements de Sidi Bernoussi عمالة مقاطعات سيدي البرنوصي, Préfecture de Casablanca عمالة الدار البيضاء, Casablanca-Settat ⵜⵉⴳⵎⵉ ⵜⵓⵎⵍⵉⵍⵜ-ⵙⵟⵟⴰⵜ الدار البيضاء-سطات, 20046, Maroc / ⵍⵎⵖⵔⵉⴱ / المغرب"
55,55.0,Al Fida,155982.375,31322.0,575976.25,35225.5,28880.687500000004,0.0,0.000175240216777,0.074554346501827,2.0,20.0,4653.552514077015,23.0,5075.828120212355,41.0,0.0,0.0,0.0,1804727.91,0.0,0.0,3263788.84,13596.12,0.0,12239.58,POINT (-7.598058645606782 33.57013445164309),"Rue 27, Hay El Amal, Al Fida ⵍⴼⵉⴷⴰ ا لفداء, arrondissement d'Al Fida مقاطعة الفداء, préfecture d’arrondissements Al Fida-Mers Sultan عمالة مقاطعات الفداء مرس السلطان, Préfecture de Casablanca عمالة الدار البيضاء, Casablanca-Settat ⵜⵉⴳⵎⵉ ⵜⵓⵎⵍⵉⵍⵜ-ⵙⵟⵟⴰⵜ الدار البيضاء-سطات, 20552, Maroc / ⵍⵎⵖⵔⵉⴱ / المغرب"
56,56.0,Al Fida,155982.375,31322.0,575976.25,35225.5,28880.687500000004,0.0,0.000175240216777,0.074554346501827,2.0,20.0,4653.552514077015,23.0,5075.828120212355,41.0,0.0,0.0,0.0,1804727.91,0.0,0.0,3263788.84,13596.12,0.0,12239.58,POINT (-7.599870730141732 33.56363154284882),"Souk Korea, Rue des Sraghna, Hay El Amal, Al Fida ⵍⴼⵉⴷⴰ ا لفداء, Casablanca ⵜⵉⴳⵎⵉ ⵜⵓⵎⵍⵉⵍⵜ الدار البيضاء, Pachalik de Casablanca, Préfecture de Casablanca عمالة الدار البيضاء, Casablanca-Settat ⵜⵉⴳⵎⵉ ⵜⵓⵎⵍⵉⵍⵜ-ⵙⵟⵟⴰⵜ الدار البيضاء-سطات, 20062, Maroc / ⵍⵎⵖⵔⵉⴱ / المغرب"
57,57.0,Al Fida,155982.375,31322.0,575976.25,35225.5,28880.687500000004,0.0,0.000175240216777,0.074554346501827,2.0,20.0,4653.552514077015,23.0,5075.828120212355,41.0,0.0,0.0,0.0,1804727.91,0.0,0.0,3263788.84,13596.12,0.0,12239.58,POINT (-7.590697357199 33.56472392017348),"Boulevard Bouchaib Doukkali, Hay El Farah, arrondissement d'Al Fida مقاطعة الفداء, préfecture d’arrondissements Al Fida-Mers Sultan عمالة مقاطعات الفداء مرس السلطان, Préfecture de Casablanca عمالة الدار البيضاء, Casablanca-Settat ⵜⵉⴳⵎⵉ ⵜⵓⵎⵍⵉⵍⵜ-ⵙⵟⵟⴰⵜ الدار البيضاء-سطات, 20530, Maroc / ⵍⵎⵖⵔⵉⴱ / المغرب"
58,58.0,Al Fida,155982.375,31322.0,575976.25,35225.5,28880.687500000004,0.0,0.000175240216777,0.074554346501827,2.0,20.0,4653.552514077015,23.0,5075.828120212355,41.0,0.0,0.0,0.0,1804727.91,0.0,0.0,3263788.84,13596.12,0.0,12239.58,POINT (-7.584284043045241 33.56704661642497),"Rue 29, Hay El Farah, arrondissement d'Al Fida مقاطعة الفداء, préfecture d’arrondissements Al Fida-Mers Sultan عمالة مقاطعات الفداء مرس السلطان, Préfecture de Casablanca عمالة الدار البيضاء, Casablanca-Settat ⵜⵉⴳⵎⵉ ⵜⵓⵎⵍⵉⵍⵜ-ⵙⵟⵟⴰⵜ الدار البيضاء-سطات, 20530, Maroc / ⵍⵎⵖⵔⵉⴱ / المغرب"
59,59.0,Al Fida,155982.375,31322.0,575976.25,35225.5,28880.687500000004,0.0,0.000175240216777,0.074554346501827,2.0,20.0,4653.552514077015,23.0,5075.828120212355,41.0,0.0,0.0,0.0,1804727.91,0.0,0.0,3263788.84,13596.12,0.0,12239.58,POINT (-7.606299844625026 33.56228433343239),"Boulevard Bouchaib Doukkali, Bouchentouf, Al Fida ⵍⴼⵉⴷⴰ ا لفداء, arrondissement d'Al Fida مقاطعة الفداء, Pachalik de Casablanca, Préfecture de Casablanca عمالة الدار البيضاء, Casablanca-Settat ⵜⵉⴳⵎⵉ ⵜⵓⵎⵍⵉⵍⵜ-ⵙⵟⵟⴰⵜ الدار البيضاء-سطات, 20550, Maroc / ⵍⵎⵖⵔⵉⴱ / المغرب"
60,60.0,Al Idrissia,109565.0,20423.0,621221.0,41799.21875,41799.21875,0.0,0.000174184475327,0.057800300419331,0.0,14.0,1698.5371317441484,18.0,6393.576311686777,40.0,0.0,3812.5766263399037,9.0,1793994.56,24591.84,0.0,1958550.2399999998,63843.8,0.0,0.0,POINT (-7.575982165377473 33.56010266368082),"Boulevard Abou Horaira, Khaddouj Hlima, Ben M'Sick ⴱⴰⵏ ⵎⵙⵉⴽ ابن امسيك, arrondissement de Ben M'Sick مقاطعة ابن امسيك, préfecture d'arrondissements de Ben M'sick, Préfecture de Casablanca عمالة الدار البيضاء, Casablanca-Settat ⵜⵉⴳⵎⵉ ⵜⵓⵎⵍⵉⵍⵜ-ⵙⵟⵟⴰⵜ الدار البيضاء-سطات, 20705, Maroc / ⵍⵎⵖⵔⵉⴱ / المغرب"
61,61.0,Al Idrissia,109565.0,20423.0,621221.0,41799.21875,41799.21875,0.0,0.000174184475327,0.057800300419331,0.0,14.0,1698.5371317441484,18.0,6393.576311686777,40.0,0.0,3812.5766263399037,9.0,1793994.56,24591.84,0.0,1958550.2399999998,63843.8,0.0,0.0,POINT (-7.589924996035013 33.55912952367036),"Lycée de Ben M'sick ثانوية بن ميسك, Boulevard Abdellah Senhaji, Calogera, Ben M'Sick ⴱⴰⵏ ⵎⵙⵉⴽ ابن امسيك, Casablanca ⵜⵉⴳⵎⵉ ⵜⵓⵎⵍⵉⵍⵜ الدار البيضاء, Pachalik de Casablanca, Préfecture de Casablanca عمالة الدار البيضاء, Casablanca-Settat ⵜⵉⴳⵎⵉ ⵜⵓⵎⵍⵉⵍⵜ-ⵙⵟⵟⴰⵜ الدار البيضاء-سطات, 20450, Maroc / ⵍⵎⵖⵔⵉⴱ / المغرب"
62,62.0,Al Idrissia,109565.0,20423.0,621221.0,41799.21875,41799.21875,0.0,0.000174184475327,0.057800300419331,0.0,14.0,1698.5371317441484,18.0,6393.576311686777,40.0,0.0,3812.5766263399037,9.0,1793994.56,24591.84,0.0,1958550.2399999998,63843.8,0.0,0.0,POINT (-7.583308487699777 33.56202488728205),"Calogera, Ben M'Sick ⴱⴰⵏ ⵎⵙⵉⴽ ابن امسيك, arrondissement de Ben M'Sick مقاطعة ابن امسيك, préfecture d'arrondissements de Ben M'sick, Préfecture de Casablanca عمالة الدار البيضاء, Casablanca-Settat ⵜⵉⴳⵎⵉ ⵜⵓⵎⵍⵉⵍⵜ-ⵙⵟⵟⴰⵜ الدار البيضاء-سطات, 20530, Maroc / ⵍⵎⵖⵔⵉⴱ / المغرب"
63,63.0,Al Idrissia,109565.0,20423.0,621221.0,41799.21875,41799.21875,0.0,0.000174184475327,0.057800300419331,0.0,14.0,1698.5371317441484,18.0,6393.576311686777,40.0,0.0,3812.5766263399037,9.0,1793994.56,24591.84,0.0,1958550.2399999998,63843.8,0.0,0.0,POINT (-7.594587085834851 33.56304333970278),"King Animalerie, Rue 3 زنقة, Idrissia, Al Fida ⵍⴼⵉⴷⴰ ا لفداء, Casablanca ⵜⵉⴳⵎⵉ ⵜⵓⵎⵍⵉⵍⵜ الدار البيضاء, Pachalik de Casablanca, Préfecture de Casablanca عمالة الدار البيضاء, Casablanca-Settat ⵜⵉⴳⵎⵉ ⵜⵓⵎⵍⵉⵍⵜ-ⵙⵟⵟⴰⵜ الدار البيضاء-سطات, 20552, Maroc / ⵍⵎⵖⵔⵉⴱ / المغرب"
64,64.0,Al Idrissia,109565.0,20423.0,621221.0,41799.21875,41799.21875,0.0,0.000174184475327,0.057800300419331,0.0,14.0,1698.5371317441484,18.0,6393.576311686777,40.0,0.0,3812.5766263399037,9.0,1793994.56,24591.84,0.0,1958550.2399999998,63843.8,0.0,0.0,POINT (-7.580900112798377 33.55644267492753),"Khaddouj Hlima, Ben M'Sick ⴱⴰⵏ ⵎⵙⵉⴽ ابن امسيك, arrondissement de Ben M'Sick مقاطعة ابن امسيك, préfecture d'arrondissements de Ben M'sick, Préfecture de Casablanca عمالة الدار البيضاء, Casablanca-Settat ⵜⵉⴳⵎⵉ ⵜⵓⵎⵍⵉⵍⵜ-ⵙⵟⵟⴰⵜ الدار البيضاء-سطات, 20430, Maroc / ⵍⵎⵖⵔⵉⴱ / المغرب"
65,65.0,Lissasfa,44568.28515625,8215.7138671875,683488.5625,1176.2685546875,887.0257568359375,289.2428588867187,0.008158286102116,0.466271698474884,2.0,23.0,2979.9230120839584,15.0,1143.3124896450477,4.0,1.0,6369.59530826795,24.0,10720248.9,1200871.34,0.0,4784759.34,43904.96,2342.12,5666.639999999999,POINT (-7.680956044302029 33.51749346173515),"Riad Sofia ⵔⵉⵢⴰⴷ ⵚoⴼⵉⵢⴰ رياض صوفيا, arrondissement de Hay Hassani مقاطعة الحي الحسني, préfecture d'arrondissement de Hay Hassani, Préfecture de Casablanca عمالة الدار البيضاء, Casablanca-Settat ⵜⵉⴳⵎⵉ ⵜⵓⵎⵍⵉⵍⵜ-ⵙⵟⵟⴰⵜ الدار البيضاء-سطات, 20232, Maroc / ⵍⵎⵖⵔⵉⴱ / المغرب"
66,66.0,Lissasfa,44568.28515625,8215.7138671875,683488.5625,1176.2685546875,887.0257568359375,289.2428588867187,0.008158286102116,0.466271698474884,2.0,23.0,2979.9230120839584,15.0,1143.3124896450477,4.0,1.0,6369.59530826795,24.0,10720248.9,1200871.34,0.0,4784759.34,43904.96,2342.12,5666.639999999999,POINT (-7.666391027334933 33.51459861043016),"Ennassim, arrondissement de Hay Hassani مقاطعة الحي الحسني, préfecture d'arrondissement de Hay Hassani, Préfecture de Casablanca عمالة الدار البيضاء, Casablanca-Settat ⵜⵉⴳⵎⵉ ⵜⵓⵎⵍⵉⵍⵜ-ⵙⵟⵟⴰⵜ الدار البيضاء-سطات, 20192, Maroc / ⵍⵎⵖⵔⵉⴱ / المغرب"
67,67.0,Lissasfa,44568.28515625,8215.7138671875,683488.5625,1176.2685546875,887.0257568359375,289.2428588867187,0.008158286102116,0.466271698474884,2.0,23.0,2979.9230120839584,15.0,1143.3124896450477,4.0,1.0,6369.59530826795,24.0,10720248.9,1200871.34,0.0,4784759.34,43904.96,2342.12,5666.639999999999,POINT (-7.675116290969239 33.53203265104496),"Lissasfa, arrondissement de Hay Hassani مقاطعة الحي الحسني, préfecture d'arrondissement de Hay Hassani, Préfecture de Casablanca عمالة الدار البيضاء, Casablanca-Settat ⵜⵉⴳⵎⵉ ⵜⵓⵎⵍⵉⵍⵜ-ⵙⵟⵟⴰⵜ الدار البيضاء-سطات, 20232, Maroc / ⵍⵎⵖⵔⵉⴱ / المغرب"
68,68.0,Lissasfa,44568.28515625,8215.7138671875,683488.5625,1176.2685546875,887.0257568359375,289.2428588867187,0.008158286102116,0.466271698474884,2.0,23.0,2979.9230120839584,15.0,1143.3124896450477,4.0,1.0,6369.59530826795,24.0,10720248.9,1200871.34,0.0,4784759.34,43904.96,2342.12,5666.639999999999,POINT (-7.661786280457402 33.52105989797821),"Abouab Ennassim, Pénétrante d'Azbane, Ennassim, Casablanca ⵜⵉⴳⵎⵉ ⵜⵓⵎⵍⵉⵍⵜ الدار البيضاء, Pachalik de Casablanca, Préfecture de Casablanca عمالة الدار البيضاء, Casablanca-Settat ⵜⵉⴳⵎⵉ ⵜⵓⵎⵍⵉⵍⵜ-ⵙⵟⵟⴰⵜ الدار البيضاء-سطات, 20084, Maroc / ⵍⵎⵖⵔⵉⴱ / المغرب"
69,69.0,Lissasfa,44568.28515625,8215.7138671875,683488.5625,1176.2685546875,887.0257568359375,289.2428588867187,0.008158286102116,0.466271698474884,2.0,23.0,2979.9230120839584,15.0,1143.3124896450477,4.0,1.0,6369.59530826795,24.0,10720248.9,1200871.34,0.0,4784759.34,43904.96,2342.12,5666.639999999999,POINT (-7.645725361717879 33.53278464788346),"Sidi Maarouf, Zénith, arrondissement d'Aîn-Chock مقاطعة عين الشق, préfecture d'arrondissement d'Aïn Chock, Préfecture de Casablanca عمالة الدار البيضاء, Casablanca-Settat ⵜⵉⴳⵎⵉ ⵜⵓⵎⵍⵉⵍⵜ-ⵙⵟⵟⴰⵜ الدار البيضاء-سطات, 20190, Maroc / ⵍⵎⵖⵔⵉⴱ / المغرب"
70,70.0,Mers Sultan,128165.3359375,26510.666015625,562129.6875,12860.169921875,4400.4169921875,0.0,0.000279931118712,0.091569036245346,4.0,12.0,3229.0452826103433,11.0,3252.2190321049216,26.0,0.0,0.0,0.0,2030724.27,0.0,1852.96,2692083.96,110530.29,0.0,0.0,POINT (-7.605685742605052 33.57400257251262),"Rue Ibn Zaidoune, Garage Allal گراج علال, Mers Sultan ⵎⴰⵔⵙ ⵙⵓⵍⵟⴰⵏ مرس السلطان, arrondissement de Mers Sultan مقاطعة مرس السلطان, préfecture d’arrondissements Al Fida-Mers Sultan عمالة مقاطعات الفداء مرس السلطان, Préfecture de Casablanca عمالة الدار البيضاء, Casablanca-Settat ⵜⵉⴳⵎⵉ ⵜⵓⵎⵍⵉⵍⵜ-ⵙⵟⵟⴰⵜ الدار البيضاء-سطات, 20504, Maroc / ⵍⵎⵖⵔⵉⴱ / المغرب"
71,71.0,Mers Sultan,128165.3359375,26510.666015625,562129.6875,12860.169921875,4400.4169921875,0.0,0.000279931118712,0.091569036245346,4.0,12.0,3229.0452826103433,11.0,3252.2190321049216,26.0,0.0,0.0,0.0,2030724.27,0.0,1852.96,2692083.96,110530.29,0.0,0.0,POINT (-7.608744229568229 33.56533767985115),"Bouchentouf, Al Fida ⵍⴼⵉⴷⴰ ا لفداء, arrondissement d'Al Fida مقاطعة الفداء, Pachalik de Casablanca, Préfecture de Casablanca عمالة الدار البيضاء, Casablanca-Settat ⵜⵉⴳⵎⵉ ⵜⵓⵎⵍⵉⵍⵜ-ⵙⵟⵟⴰⵜ الدار البيضاء-سطات, 20554, Maroc / ⵍⵎⵖⵔⵉⴱ / المغرب"
72,72.0,Mers Sultan,128165.3359375,26510.666015625,562129.6875,12860.169921875,4400.4169921875,0.0,0.000279931118712,0.091569036245346,4.0,12.0,3229.0452826103433,11.0,3252.2190321049216,26.0,0.0,0.0,0.0,2030724.27,0.0,1852.96,2692083.96,110530.29,0.0,0.0,POINT (-7.594686718501765 33.57546259781365),"40, Rue 22 زنقة, Garage Allal گراج علال, Mers Sultan ⵎⴰⵔⵙ ⵙⵓⵍⵟⴰⵏ مرس السلطان, Casablanca ⵜⵉⴳⵎⵉ ⵜⵓⵎⵍⵉⵍⵜ الدار البيضاء, Pachalik de Casablanca, Préfecture de Casablanca عمالة الدار البيضاء, Casablanca-Settat ⵜⵉⴳⵎⵉ ⵜⵓⵎⵍⵉⵍⵜ-ⵙⵟⵟⴰⵜ الدار البيضاء-سطات, 20552, Maroc / ⵍⵎⵖⵔⵉⴱ / المغرب"
73,73.0,Mers Sultan,128165.3359375,26510.666015625,562129.6875,12860.169921875,4400.4169921875,0.0,0.000279931118712,0.091569036245346,4.0,12.0,3229.0452826103433,11.0,3252.2190321049216,26.0,0.0,0.0,0.0,2030724.27,0.0,1852.96,2692083.96,110530.29,0.0,0.0,POINT (-7.614278700412314 33.56259093684122),"Allée de l'Aude, arrondissement d'El Maarif مقاطعة المعاريف, Pachalik de Casablanca, Préfecture de Casablanca عمالة الدار البيضاء, Casablanca-Settat ⵜⵉⴳⵎⵉ ⵜⵓⵎⵍⵉⵍⵜ-ⵙⵟⵟⴰⵜ الدار البيضاء-سطات, 20502, Maroc / ⵍⵎⵖⵔⵉⴱ / المغرب"
74,74.0,Mers Sultan,128165.3359375,26510.666015625,562129.6875,12860.169921875,4400.4169921875,0.0,0.000279931118712,0.091569036245346,4.0,12.0,3229.0452826103433,11.0,3252.2190321049216,26.0,0.0,0.0,0.0,2030724.27,0.0,1852.96,2692083.96,110530.29,0.0,0.0,POINT (-7.600926178445923 33.58170084555344),"Rue Sauternes, Garage Allal گراج علال, Mers Sultan ⵎⴰⵔⵙ ⵙⵓⵍⵟⴰⵏ مرس السلطان, arrondissement de Mers Sultan مقاطعة مرس السلطان, préfecture d’arrondissements Al Fida-Mers Sultan عمالة مقاطعات الفداء مرس السلطان, Préfecture de Casablanca عمالة الدار البيضاء, Casablanca-Settat ⵜⵉⴳⵎⵉ ⵜⵓⵎⵍⵉⵍⵜ-ⵙⵟⵟⴰⵜ الدار البيضاء-سطات, 20504, Maroc / ⵍⵎⵖⵔⵉⴱ / المغرب"
75,75.0,Moulay Rachid,183195.0,29881.0,28120.0,18268.130859375,16743.810546875,0.0,0.00068743515294,0.143809467554092,0.0,23.0,5960.8053184402415,42.0,11395.563092540458,50.0,0.0,0.0,0.0,6029594.64,39620.27,0.0,21804711.69,225576.3,0.0,16981.530000000002,POINT (-7.536334824729268 33.54955776821401),"Hay el Wahda, Lahraouiyine ⵍⵀⵔⴰⵡⵉⵢⵉⵏ الهراويين, Lahraouyine الهراويين, Pachalik de Lahraouyine, Province de Médiouna إقليم مديونة, Casablanca-Settat ⵜⵉⴳⵎⵉ ⵜⵓⵎⵍⵉⵍⵜ-ⵙⵟⵟⴰⵜ الدار البيضاء-سطات, 29004, Maroc / ⵍⵎⵖⵔⵉⴱ / المغرب"
76,76.0,Moulay Rachid,183195.0,29881.0,28120.0,18268.130859375,16743.810546875,0.0,0.00068743515294,0.143809467554092,0.0,23.0,5960.8053184402415,42.0,11395.563092540458,50.0,0.0,0.0,0.0,6029594.64,39620.27,0.0,21804711.69,225576.3,0.0,16981.530000000002,POINT (-7.548097339633385 33.54402006716618),"Hay Nour, Sidi Othmane ⵙⵉⴷⵉ ⵄⵓⵜⵎⴰⵏ سيدي عثمان, arrondissement de Sidi Othmane مقاطعة سيدي عثمان, préfecture d'arrondissements de Moulay Rachid, Préfecture de Casablanca عمالة الدار البيضاء, Casablanca-Settat ⵜⵉⴳⵎⵉ ⵜⵓⵎⵍⵉⵍⵜ-ⵙⵟⵟⴰⵜ الدار البيضاء-سطات, 29004, Maroc / ⵍⵎⵖⵔⵉⴱ / المغرب"
77,77.0,Moulay Rachid,183195.0,29881.0,28120.0,18268.130859375,16743.810546875,0.0,0.00068743515294,0.143809467554092,0.0,23.0,5960.8053184402415,42.0,11395.563092540458,50.0,0.0,0.0,0.0,6029594.64,39620.27,0.0,21804711.69,225576.3,0.0,16981.530000000002,POINT (-7.543527667933203 33.55653446661679),"Avenue Abdelkader Sahraoui, Hay El Falah, Moulay Rachid ⵎⵓⵍⴰⵢ ⵔⵛⵉⴷ مولاي رشيد, arrondissement de Moulay Rachid مقاطعة مولاي رشيد, préfecture d'arrondissements de Moulay Rachid, Préfecture de Casablanca عمالة الدار البيضاء, Casablanca-Settat ⵜⵉⴳⵎⵉ ⵜⵓⵎⵍⵉⵍⵜ-ⵙⵟⵟⴰⵜ الدار البيضاء-سطات, 20043, Maroc / ⵍⵎⵖⵔⵉⴱ / المغرب"
78,78.0,Moulay Rachid,183195.0,29881.0,28120.0,18268.130859375,16743.810546875,0.0,0.00068743515294,0.143809467554092,0.0,23.0,5960.8053184402415,42.0,11395.563092540458,50.0,0.0,0.0,0.0,6029594.64,39620.27,0.0,21804711.69,225576.3,0.0,16981.530000000002,POINT (-7.552278558694906 33.5529324281346),"Rue 92, Hay Nour, Sidi Othmane ⵙⵉⴷⵉ ⵄⵓⵜⵎⴰⵏ سيدي عثمان, arrondissement de Sidi Othmane مقاطعة سيدي عثمان, préfecture d'arrondissements de Moulay Rachid, Préfecture de Casablanca عمالة الدار البيضاء, Casablanca-Settat ⵜⵉⴳⵎⵉ ⵜⵓⵎⵍⵉⵍⵜ-ⵙⵟⵟⴰⵜ الدار البيضاء-سطات, 20043, Maroc / ⵍⵎⵖⵔⵉⴱ / المغرب"
79,79.0,Moulay Rachid,183195.0,29881.0,28120.0,18268.130859375,16743.810546875,0.0,0.00068743515294,0.143809467554092,0.0,23.0,5960.8053184402415,42.0,11395.563092540458,50.0,0.0,0.0,0.0,6029594.64,39620.27,0.0,21804711.69,225576.3,0.0,16981.530000000002,POINT (-7.560994681678277 33.56078191998768),"Hay Salama 3, Sidi Othmane ⵙⵉⴷⵉ ⵄⵓⵜⵎⴰⵏ سيدي عثمان, arrondissement de Sidi Othmane مقاطعة سيدي عثمان, préfecture d'arrondissements de Moulay Rachid, Préfecture de Casablanca عمالة الدار البيضاء, Casablanca-Settat ⵜⵉⴳⵎⵉ ⵜⵓⵎⵍⵉⵍⵜ-ⵙⵟⵟⴰⵜ الدار البيضاء-سطات, 20670, Maroc / ⵍⵎⵖⵔⵉⴱ / المغرب"
80,80.0,Sidi Belyout,175098.140625,37642.0,831397.125,13853.3720703125,5695.75341796875,0.0,0.000778647547122,0.165960997343063,14.0,67.0,21716.608478985956,171.0,15688.371862120377,111.0,0.0,2844.940253071774,4.0,8356614.6,1243868.21,0.0,39120015.34,344758.31,3683.37,16057.93,POINT (-7.609472547859955 33.58477848594879),"100, Boulevard Lahcen Ouidder, Mers Sultan ⵎⴰⵔⵙ ⵙⵓⵍⵟⴰⵏ مرس السلطان, arrondissement de Sidi Belyout مقاطعة سيدي بليوط, préfecture d'arrondissements de Casablanca-Anfa عمالة مقاطعات الدار البيضاء أنفا, Préfecture de Casablanca عمالة الدار البيضاء, Casablanca-Settat ⵜⵉⴳⵎⵉ ⵜⵓⵎⵍⵉⵍⵜ-ⵙⵟⵟⴰⵜ الدار البيضاء-سطات, 21000, Maroc / ⵍⵎⵖⵔⵉⴱ / المغرب"
81,81.0,Sidi Belyout,175098.140625,37642.0,831397.125,13853.3720703125,5695.75341796875,0.0,0.000778647547122,0.165960997343063,14.0,67.0,21716.608478985956,171.0,15688.371862120377,111.0,0.0,2844.940253071774,4.0,8356614.6,1243868.21,0.0,39120015.34,344758.31,3683.37,16057.93,POINT (-7.618509253070838 33.58810958552359),"Café la Palmerale, Rue Allal Al Fassi, Sidi Belyout ⵙⵉⴷⵉ ⴱⵍⵢⵓⵟ سيدي بليوط, arrondissement de Sidi Belyout مقاطعة سيدي بليوط, préfecture d'arrondissements de Casablanca-Anfa عمالة مقاطعات الدار البيضاء أنفا, Préfecture de Casablanca عمالة الدار البيضاء, Casablanca-Settat ⵜⵉⴳⵎⵉ ⵜⵓⵎⵍⵉⵍⵜ-ⵙⵟⵟⴰⵜ الدار البيضاء-سطات, 20120, Maroc / ⵍⵎⵖⵔⵉⴱ / المغرب"
82,82.0,Sidi Belyout,175098.140625,37642.0,831397.125,13853.3720703125,5695.75341796875,0.0,0.000778647547122,0.165960997343063,14.0,67.0,21716.608478985956,171.0,15688.371862120377,111.0,0.0,2844.940253071774,4.0,8356614.6,1243868.21,0.0,39120015.34,344758.31,3683.37,16057.93,POINT (-7.613627716591679 33.57536825717185),"Grande Pharmacie de Liebonne, Rue Abdeslam Khattabi, arrondissement de Mers Sultan مقاطعة مرس السلطان, préfecture d’arrondissements Al Fida-Mers Sultan عمالة مقاطعات الفداء مرس السلطان, Préfecture de Casablanca عمالة الدار البيضاء, Casablanca-Settat ⵜⵉⴳⵎⵉ ⵜⵓⵎⵍⵉⵍⵜ-ⵙⵟⵟⴰⵜ الدار البيضاء-سطات, 20503, Maroc / ⵍⵎⵖⵔⵉⴱ / المغرب"
83,83.0,Sidi Belyout,175098.140625,37642.0,831397.125,13853.3720703125,5695.75341796875,0.0,0.000778647547122,0.165960997343063,14.0,67.0,21716.608478985956,171.0,15688.371862120377,111.0,0.0,2844.940253071774,4.0,8356614.6,1243868.21,0.0,39120015.34,344758.31,3683.37,16057.93,POINT (-7.606751964214563 33.60482811557522),"Shuttle Bus, Boulevard Moulay Abderrahmane, Casablanca ⵜⵉⴳⵎⵉ ⵜⵓⵎⵍⵉⵍⵜ الدار البيضاء, préfecture d'arrondissements de Casablanca-Anfa عمالة مقاطعات الدار البيضاء أنفا, Préfecture de Casablanca عمالة الدار البيضاء, Casablanca-Settat ⵜⵉⴳⵎⵉ ⵜⵓⵎⵍⵉⵍⵜ-ⵙⵟⵟⴰⵜ الدار البيضاء-سطات, 20080, Maroc / ⵍⵎⵖⵔⵉⴱ / المغرب"
84,84.0,Sidi Belyout,175098.140625,37642.0,831397.125,13853.3720703125,5695.75341796875,0.0,0.000778647547122,0.165960997343063,14.0,67.0,21716.608478985956,171.0,15688.371862120377,111.0,0.0,2844.940253071774,4.0,8356614.6,1243868.21,0.0,39120015.34,344758.31,3683.37,16057.93,POINT (-7.60026293900983 33.59542479531202),"Mogador Marina, Rue Aït Ba Amrane, Roches-Noires ⵙⵓⵅⵓⵔ ⵙⴰⵡⴷⴰ الصخور السوداء, Casablanca ⵜⵉⴳⵎⵉ ⵜⵓⵎⵍⵉⵍⵜ الدار البيضاء, préfecture d'arrondissements d'Aïn Sebaâ-Hay Mohammadi عمالة مقاطعات عين السبع الحي المحمدي, Préfecture de Casablanca عمالة الدار البيضاء, Casablanca-Settat ⵜⵉⴳⵎⵉ ⵜⵓⵎⵍⵉⵍⵜ-ⵙⵟⵟⴰⵜ الدار البيضاء-سطات, 20250, Maroc / ⵍⵎⵖⵔⵉⴱ / المغرب"
85,85.0,Sidi Moumen,117839.0,19653.333984375,751453.3125,11900.1279296875,12289.939453125,0.0,0.001019980874844,0.165577039122581,14.0,28.0,9802.00284680915,19.0,6173.382420144778,35.0,1.0,4791.593144785294,8.0,10503610.11,88562.04,0.0,16262771.799999999,76184.87000000001,0.0,28609.64,POINT (-7.538376617942674 33.56772744705182),"Groupe 4 Moulay Rachid, , Cite Almadina Aljadida, Moulay Rachid ⵎⵓⵍⴰⵢ ⵔⵛⵉⴷ مولاي رشيد, Casablanca ⵜⵉⴳⵎⵉ ⵜⵓⵎⵍⵉⵍⵜ الدار البيضاء, Pachalik de Casablanca, Préfecture de Casablanca عمالة الدار البيضاء, Casablanca-Settat ⵜⵉⴳⵎⵉ ⵜⵓⵎⵍⵉⵍⵜ-ⵙⵟⵟⴰⵜ الدار البيضاء-سطات, 20660, Maroc / ⵍⵎⵖⵔⵉⴱ / المغرب"
86,86.0,Sidi Moumen,117839.0,19653.333984375,751453.3125,11900.1279296875,12289.939453125,0.0,0.001019980874844,0.165577039122581,14.0,28.0,9802.00284680915,19.0,6173.382420144778,35.0,1.0,4791.593144785294,8.0,10503610.11,88562.04,0.0,16262771.799999999,76184.87000000001,0.0,28609.64,POINT (-7.520723345748707 33.5569487310012),"Lahraouiyine ⵍⵀⵔⴰⵡⵉⵢⵉⵏ الهراويين, Lahraouyine الهراويين, Pachalik de Lahraouyine, Province de Médiouna إقليم مديونة, Casablanca-Settat ⵜⵉⴳⵎⵉ ⵜⵓⵎⵍⵉⵍⵜ-ⵙⵟⵟⴰⵜ الدار البيضاء-سطات, 20606, Maroc / ⵍⵎⵖⵔⵉⴱ / المغرب"
87,87.0,Sidi Moumen,117839.0,19653.333984375,751453.3125,11900.1279296875,12289.939453125,0.0,0.001019980874844,0.165577039122581,14.0,28.0,9802.00284680915,19.0,6173.382420144778,35.0,1.0,4791.593144785294,8.0,10503610.11,88562.04,0.0,16262771.799999999,76184.87000000001,0.0,28609.64,POINT (-7.523572048700261 33.57605088570696),"Noor City, arrondissement de Sidi Moumen مقاطعة سيدي مومن, préfecture d'arrondissements de Sidi Bernoussi عمالة مقاطعات سيدي البرنوصي, Préfecture de Casablanca عمالة الدار البيضاء, Casablanca-Settat ⵜⵉⴳⵎⵉ ⵜⵓⵎⵍⵉⵍⵜ-ⵙⵟⵟⴰⵜ الدار البيضاء-سطات, 20075, Maroc / ⵍⵎⵖⵔⵉⴱ / المغرب"
88,88.0,Sidi Moumen,117839.0,19653.333984375,751453.3125,11900.1279296875,12289.939453125,0.0,0.001019980874844,0.165577039122581,14.0,28.0,9802.00284680915,19.0,6173.382420144778,35.0,1.0,4791.593144785294,8.0,10503610.11,88562.04,0.0,16262771.799999999,76184.87000000001,0.0,28609.64,POINT (-7.498495565389914 33.59132300451878),"Anassi اناسي, Sidi Moumen ⵙⵉⴷⵉ ⵎⵓⵎⴰⵏ سيدي مومن, arrondissement de Sidi Moumen مقاطعة سيدي مومن, préfecture d'arrondissements de Sidi Bernoussi عمالة مقاطعات سيدي البرنوصي, Préfecture de Casablanca عمالة الدار البيضاء, Casablanca-Settat ⵜⵉⴳⵎⵉ ⵜⵓⵎⵍⵉⵍⵜ-ⵙⵟⵟⴰⵜ الدار البيضاء-سطات, 20046, Maroc / ⵍⵎⵖⵔⵉⴱ / المغرب"
89,89.0,Sidi Moumen,117839.0,19653.333984375,751453.3125,11900.1279296875,12289.939453125,0.0,0.001019980874844,0.165577039122581,14.0,28.0,9802.00284680915,19.0,6173.382420144778,35.0,1.0,4791.593144785294,8.0,10503610.11,88562.04,0.0,16262771.799999999,76184.87000000001,0.0,28609.64,POINT (-7.507467292373912 33.56611830052119),"Boulevard Okba Bnou Nafie, Lahraouiyine ⵍⵀⵔⴰⵡⵉⵢⵉⵏ الهراويين, Lahraouyine الهراويين, Pachalik de Lahraouyine, Province de Médiouna إقليم مديونة, Casablanca-Settat ⵜⵉⴳⵎⵉ ⵜⵓⵎⵍⵉⵍⵜ-ⵙⵟⵟⴰⵜ الدار البيضاء-سطات, 20606, Maroc / ⵍⵎⵖⵔⵉⴱ / المغرب"
90,90.0,Sidi Othmane,102278.0,17241.76953125,536292.6875,19805.888671875,19454.123046875,0.0,0.000685612496454,0.108877070248127,0.0,33.0,3831.5947983516544,9.0,11803.51197165609,64.0,0.0,3055.0959825670734,4.0,7148627.18,14434.29,0.0,28551453.97,512919.54000000004,11626.17,0.0,POINT (-7.566569000859778 33.54000184138823),"Avenue Mekdad Lahrizi, Salmia 1, Sbata ⵙⴱⴰⵜⴰ سباتة, arrondissement de Sbata مقاطعة سباتة, préfecture d'arrondissements de Ben M'sick, Préfecture de Casablanca عمالة الدار البيضاء, Casablanca-Settat ⵜⵉⴳⵎⵉ ⵜⵓⵎⵍⵉⵍⵜ-ⵙⵟⵟⴰⵜ الدار البيضاء-سطات, 20045, Maroc / ⵍⵎⵖⵔⵉⴱ / المغرب"
91,91.0,Sidi Othmane,102278.0,17241.76953125,536292.6875,19805.888671875,19454.123046875,0.0,0.000685612496454,0.108877070248127,0.0,33.0,3831.5947983516544,9.0,11803.51197165609,64.0,0.0,3055.0959825670734,4.0,7148627.18,14434.29,0.0,28551453.97,512919.54000000004,11626.17,0.0,POINT (-7.551319477738232 33.53057392844227),"Sbata ⵙⴱⴰⵜⴰ سباتة, arrondissement de Sbata مقاطعة سباتة, Caïdat de Médiouna قيادة مديونة, préfecture d'arrondissements de Ben M'sick, Préfecture de Casablanca عمالة الدار البيضاء, Casablanca-Settat ⵜⵉⴳⵎⵉ ⵜⵓⵎⵍⵉⵍⵜ-ⵙⵟⵟⴰⵜ الدار البيضاء-سطات, 20700, Maroc / ⵍⵎⵖⵔⵉⴱ / المغرب"
92,92.0,Sidi Othmane,102278.0,17241.76953125,536292.6875,19805.888671875,19454.123046875,0.0,0.000685612496454,0.108877070248127,0.0,33.0,3831.5947983516544,9.0,11803.51197165609,64.0,0.0,3055.0959825670734,4.0,7148627.18,14434.29,0.0,28551453.97,512919.54000000004,11626.17,0.0,POINT (-7.550803477680963 33.53920657518655),"Rue 22 زنقة, Salmia 2, Sbata ⵙⴱⴰⵜⴰ سباتة, arrondissement de Sbata مقاطعة سباتة, préfecture d'arrondissements de Ben M'sick, Préfecture de Casablanca عمالة الدار البيضاء, Casablanca-Settat ⵜⵉⴳⵎⵉ ⵜⵓⵎⵍⵉⵍⵜ-ⵙⵟⵟⴰⵜ الدار البيضاء-سطات, 20453, Maroc / ⵍⵎⵖⵔⵉⴱ / المغرب"
93,93.0,Sidi Othmane,102278.0,17241.76953125,536292.6875,19805.888671875,19454.123046875,0.0,0.000685612496454,0.108877070248127,0.0,33.0,3831.5947983516544,9.0,11803.51197165609,64.0,0.0,3055.0959825670734,4.0,7148627.18,14434.29,0.0,28551453.97,512919.54000000004,11626.17,0.0,POINT (-7.572127531430779 33.54515394347516),"Rue 57, Jamila 5, Sbata ⵙⴱⴰⵜⴰ سباتة, arrondissement de Sbata مقاطعة سباتة, préfecture d'arrondissements de Ben M'sick, Préfecture de Casablanca عمالة الدار البيضاء, Casablanca-Settat ⵜⵉⴳⵎⵉ ⵜⵓⵎⵍⵉⵍⵜ-ⵙⵟⵟⴰⵜ الدار البيضاء-سطات, 20045, Maroc / ⵍⵎⵖⵔⵉⴱ / المغرب"
94,94.0,Sidi Othmane,102278.0,17241.76953125,536292.6875,19805.888671875,19454.123046875,0.0,0.000685612496454,0.108877070248127,0.0,33.0,3831.5947983516544,9.0,11803.51197165609,64.0,0.0,3055.0959825670734,4.0,7148627.18,14434.29,0.0,28551453.97,512919.54000000004,11626.17,0.0,POINT (-7.568674522035255 33.55418715357771),"Boulevard Mohamed Bouziane, Hay Salama 3, Sidi Othmane ⵙⵉⴷⵉ ⵄⵓⵜⵎⴰⵏ سيدي عثمان, arrondissement de Sidi Othmane مقاطعة سيدي عثمان, préfecture d'arrondissements de Moulay Rachid, Préfecture de Casablanca عمالة الدار البيضاء, Casablanca-Settat ⵜⵉⴳⵎⵉ ⵜⵓⵎⵍⵉⵍⵜ-ⵙⵟⵟⴰⵜ الدار البيضاء-سطات, 20670, Maroc / ⵍⵎⵖⵔⵉⴱ / المغرب"
95,95.0,Ahl Laghlam,22926.0,3735.0,754529.9999999999,1950.4000244140625,1950.4000244140625,0.0,0.001067569712177,0.134314149618149,0.0,9.0,2575.2953138537428,13.0,0.0,0.0,0.0,6588.90615940446,5.0,10993811.750000002,140944.9,0.0,0.0,0.0,0.0,0.0,POINT (-7.490296996018019 33.57570591621428),"Anassi اناسي, Sidi Moumen ⵙⵉⴷⵉ ⵎⵓⵎⴰⵏ سيدي مومن, arrondissement de Sidi Moumen مقاطعة سيدي مومن, préfecture d'arrondissements de Sidi Bernoussi عمالة مقاطعات سيدي البرنوصي, Préfecture de Casablanca عمالة الدار البيضاء, Casablanca-Settat ⵜⵉⴳⵎⵉ ⵜⵓⵎⵍⵉⵍⵜ-ⵙⵟⵟⴰⵜ الدار البيضاء-سطات, 20046, Maroc / ⵍⵎⵖⵔⵉⴱ / المغرب"
96,96.0,Ahl Laghlam,22926.0,3735.0,754529.9999999999,1950.4000244140625,1950.4000244140625,0.0,0.001067569712177,0.134314149618149,0.0,9.0,2575.2953138537428,13.0,0.0,0.0,0.0,6588.90615940446,5.0,10993811.750000002,140944.9,0.0,0.0,0.0,0.0,0.0,POINT (-7.47070849767485 33.5837260215815),"Chellalate ⵛⵍⵍⴰⵍⴰⵜ الشلالات, caïdat de Zenata, Pachalik de Chellalate, Préfecture de Mohammédia عمالة المحمدية, Casablanca-Settat ⵜⵉⴳⵎⵉ ⵜⵓⵎⵍⵉⵍⵜ-ⵙⵟⵟⴰⵜ الدار البيضاء-سطات, 20603, Maroc / ⵍⵎⵖⵔⵉⴱ / المغرب"
97,97.0,Ahl Laghlam,22926.0,3735.0,754529.9999999999,1950.4000244140625,1950.4000244140625,0.0,0.001067569712177,0.134314149618149,0.0,9.0,2575.2953138537428,13.0,0.0,0.0,0.0,6588.90615940446,5.0,10993811.750000002,140944.9,0.0,0.0,0.0,0.0,0.0,POINT (-7.494011307440987 33.58291360926834),"Anassi اناسي, Sidi Moumen ⵙⵉⴷⵉ ⵎⵓⵎⴰⵏ سيدي مومن, arrondissement de Sidi Moumen مقاطعة سيدي مومن, préfecture d'arrondissements de Sidi Bernoussi عمالة مقاطعات سيدي البرنوصي, Préfecture de Casablanca عمالة الدار البيضاء, Casablanca-Settat ⵜⵉⴳⵎⵉ ⵜⵓⵎⵍⵉⵍⵜ-ⵙⵟⵟⴰⵜ الدار البيضاء-سطات, 20046, Maroc / ⵍⵎⵖⵔⵉⴱ / المغرب"
98,98.0,Ahl Laghlam,22926.0,3735.0,754529.9999999999,1950.4000244140625,1950.4000244140625,0.0,0.001067569712177,0.134314149618149,0.0,9.0,2575.2953138537428,13.0,0.0,0.0,0.0,6588.90615940446,5.0,10993811.750000002,140944.9,0.0,0.0,0.0,0.0,0.0,POINT (-7.475566773089598 33.57056767323311),"Sidi Hajjaj Oued Hassar ⵙⵉⴷⵉ ⵃⵊⵊⴰⵊ ⵡⴰⴷ ⵃⵚⵚⵕ سيدي حجاج واد حصار, caïdat de Tit Mellil, cercle de Tit Mellil, Province de Médiouna إقليم مديونة, Casablanca-Settat ⵜⵉⴳⵎⵉ ⵜⵓⵎⵍⵉⵍⵜ-ⵙⵟⵟⴰⵜ الدار البيضاء-سطات, 29642, Maroc / ⵍⵎⵖⵔⵉⴱ / المغرب"
99,99.0,Ahl Laghlam,22926.0,3735.0,754529.9999999999,1950.4000244140625,1950.4000244140625,0.0,0.001067569712177,0.134314149618149,0.0,9.0,2575.2953138537428,13.0,0.0,0.0,0.0,6588.90615940446,5.0,10993811.750000002,140944.9,0.0,0.0,0.0,0.0,0.0,POINT (-7.492517639381455 33.5638687006217),"Autoroute Rabat - Safi طرق السيارات الرباط - آسفي, Hay el Wahda, Lahraouiyine ⵍⵀⵔⴰⵡⵉⵢⵉⵏ الهراويين, Lahraouyine الهراويين, caïdat de Tit Mellil, Pachalik de Lahraouyine, Province de Médiouna إقليم مديونة, Casablanca-Settat ⵜⵉⴳⵎⵉ ⵜⵓⵎⵍⵉⵍⵜ-ⵙⵟⵟⴰⵜ الدار البيضاء-سطات, 29004, Maroc / ⵍⵎⵖⵔⵉⴱ / المغرب"
100,100.0,Sidi Bernoussi,151863.90625,27067.908203124996,395802.71875,10197.641601562498,10197.641601562498,0.0,0.001390232820995,0.166434124112129,6.0,53.0,7672.6497098544905,21.0,8293.771169901962,27.0,0.0,14789.35648695618,29.0,14310266.1,4845999.24,0.0,44125501.49,207340.55000000002,0.0,47605.369999999995,POINT (-7.490987136387706 33.59683807186567),"Boulevard Ahl Loghlam, arrondissement de Sidi Moumen مقاطعة سيدي مومن, préfecture d'arrondissements de Sidi Bernoussi عمالة مقاطعات سيدي البرنوصي, Préfecture de Casablanca عمالة الدار البيضاء, Casablanca-Settat ⵜⵉⴳⵎⵉ ⵜⵓⵎⵍⵉⵍⵜ-ⵙⵟⵟⴰⵜ الدار البيضاء-سطات, 20603, Maroc / ⵍⵎⵖⵔⵉⴱ / المغرب"
101,101.0,Sidi Bernoussi,151863.90625,27067.908203124996,395802.71875,10197.641601562498,10197.641601562498,0.0,0.001390232820995,0.166434124112129,6.0,53.0,7672.6497098544905,21.0,8293.771169901962,27.0,0.0,14789.35648695618,29.0,14310266.1,4845999.24,0.0,44125501.49,207340.55000000002,0.0,47605.369999999995,POINT (-7.49674883841787 33.61952113603591),"Sidi Bernoussi ⵙⵉⴷⵉ ⵍⴱⵔⵏⵓⵚⵉ سيدي البرنوصي, arrondissement de Sidi Bernoussi مقاطعة سيدي البرنوصي, préfecture d'arrondissements de Sidi Bernoussi عمالة مقاطعات سيدي البرنوصي, Préfecture de Casablanca عمالة الدار البيضاء, Casablanca-Settat ⵜⵉⴳⵎⵉ ⵜⵓⵎⵍⵉⵍⵜ-ⵙⵟⵟⴰⵜ الدار البيضاء-سطات, 20604, Maroc / ⵍⵎⵖⵔⵉⴱ / المغرب"
102,102.0,Sidi Bernoussi,151863.90625,27067.908203124996,395802.71875,10197.641601562498,10197.641601562498,0.0,0.001390232820995,0.166434124112129,6.0,53.0,7672.6497098544905,21.0,8293.771169901962,27.0,0.0,14789.35648695618,29.0,14310266.1,4845999.24,0.0,44125501.49,207340.55000000002,0.0,47605.369999999995,POINT (-7.516339098538356 33.62366627151335),"Cerphos, Boulevard de Détroit, Zone Industriele de Sidi Bernoussi, Sidi Bernoussi ⵙⵉⴷⵉ ⵍⴱⵔⵏⵓⵚⵉ سيدي البرنوصي, Casablanca ⵜⵉⴳⵎⵉ ⵜⵓⵎⵍⵉⵍⵜ الدار البيضاء, Pachalik de Casablanca, Préfecture de Casablanca عمالة الدار البيضاء, Casablanca-Settat ⵜⵉⴳⵎⵉ ⵜⵓⵎⵍⵉⵍⵜ-ⵙⵟⵟⴰⵜ الدار البيضاء-سطات, 20605, Maroc / ⵍⵎⵖⵔⵉⴱ / المغرب"
103,103.0,Sidi Bernoussi,151863.90625,27067.908203124996,395802.71875,10197.641601562498,10197.641601562498,0.0,0.001390232820995,0.166434124112129,6.0,53.0,7672.6497098544905,21.0,8293.771169901962,27.0,0.0,14789.35648695618,29.0,14310266.1,4845999.24,0.0,44125501.49,207340.55000000002,0.0,47605.369999999995,POINT (-7.507067388215285 33.5983133041713),"arrondissement de Sidi Moumen مقاطعة سيدي مومن, préfecture d'arrondissements de Sidi Bernoussi عمالة مقاطعات سيدي البرنوصي, Préfecture de Casablanca عمالة الدار البيضاء, Casablanca-Settat ⵜⵉⴳⵎⵉ ⵜⵓⵎⵍⵉⵍⵜ-ⵙⵟⵟⴰⵜ الدار البيضاء-سطات, 20046, Maroc / ⵍⵎⵖⵔⵉⴱ / المغرب"
104,104.0,Sidi Bernoussi,151863.90625,27067.908203124996,395802.71875,10197.641601562498,10197.641601562498,0.0,0.001390232820995,0.166434124112129,6.0,53.0,7672.6497098544905,21.0,8293.771169901962,27.0,0.0,14789.35648695618,29.0,14310266.1,4845999.24,0.0,44125501.49,207340.55000000002,0.0,47605.369999999995,POINT (-7.508214790020274 33.6254822778288),"Boulevard Al Bina, Zone Industriele de Sidi Bernoussi, Sidi Bernoussi ⵙⵉⴷⵉ ⵍⴱⵔⵏⵓⵚⵉ سيدي البرنوصي, arrondissement de Sidi Bernoussi مقاطعة سيدي البرنوصي, préfecture d'arrondissements de Sidi Bernoussi عمالة مقاطعات سيدي البرنوصي, Préfecture de Casablanca عمالة الدار البيضاء, Casablanca-Settat ⵜⵉⴳⵎⵉ ⵜⵓⵎⵍⵉⵍⵜ-ⵙⵟⵟⴰⵜ الدار البيضاء-سطات, 20605, Maroc / ⵍⵎⵖⵔⵉⴱ / المغرب"
105,105.0,Ain Harrouda,27741.0,4839.0,892140.0,1327.8199462890625,1327.8199462890625,0.0,0.002607586560771,0.24841083586216,0.0,13.0,2816.807153042769,4.0,0.0,0.0,1.0,5249.450692957153,4.0,26831957.89,1854275.37,0.0,0.0,61764.54,0.0,0.0,POINT (-7.457180427090425 33.64718985604458),"RP3017, Ain Harrouda عين حرودة, Pachalik de Ain Harrouda, Préfecture de Mohammédia عمالة المحمدية, Casablanca-Settat ⵜⵉⴳⵎⵉ ⵜⵓⵎⵍⵉⵍⵜ-ⵙⵟⵟⴰⵜ الدار البيضاء-سطات, 28632, Maroc / ⵍⵎⵖⵔⵉⴱ / المغرب"
106,106.0,Ain Harrouda,27741.0,4839.0,892140.0,1327.8199462890625,1327.8199462890625,0.0,0.002607586560771,0.24841083586216,0.0,13.0,2816.807153042769,4.0,0.0,0.0,1.0,5249.450692957153,4.0,26831957.89,1854275.37,0.0,0.0,61764.54,0.0,0.0,POINT (-7.452339628729277 33.62789211306954),"RN9, Ain Harrouda عين حرودة, Pachalik de Ain Harrouda, Préfecture de Mohammédia عمالة المحمدية, Casablanca-Settat ⵜⵉⴳⵎⵉ ⵜⵓⵎⵍⵉⵍⵜ-ⵙⵟⵟⴰⵜ الدار البيضاء-سطات, 28630, Maroc / ⵍⵎⵖⵔⵉⴱ / المغرب"
107,107.0,Ain Harrouda,27741.0,4839.0,892140.0,1327.8199462890625,1327.8199462890625,0.0,0.002607586560771,0.24841083586216,0.0,13.0,2816.807153042769,4.0,0.0,0.0,1.0,5249.450692957153,4.0,26831957.89,1854275.37,0.0,0.0,61764.54,0.0,0.0,POINT (-7.445133740030889 33.65142425705229),"Ain Harrouda عين حرودة, Pachalik de Ain Harrouda, Préfecture de Mohammédia عمالة المحمدية, Casablanca-Settat ⵜⵉⴳⵎⵉ ⵜⵓⵎⵍⵉⵍⵜ-ⵙⵟⵟⴰⵜ الدار البيضاء-سطات, 28632, Maroc / ⵍⵎⵖⵔⵉⴱ / المغرب"
108,108.0,Ain Harrouda,27741.0,4839.0,892140.0,1327.8199462890625,1327.8199462890625,0.0,0.002607586560771,0.24841083586216,0.0,13.0,2816.807153042769,4.0,0.0,0.0,1.0,5249.450692957153,4.0,26831957.89,1854275.37,0.0,0.0,61764.54,0.0,0.0,POINT (-7.449439223058281 33.63654928610504),"RN9, Ain Harrouda عين حرودة, Pachalik de Ain Harrouda, Préfecture de Mohammédia عمالة المحمدية, Casablanca-Settat ⵜⵉⴳⵎⵉ ⵜⵓⵎⵍⵉⵍⵜ-ⵙⵟⵟⴰⵜ الدار البيضاء-سطات, 28632, Maroc / ⵍⵎⵖⵔⵉⴱ / المغرب"
109,109.0,Ain Harrouda,27741.0,4839.0,892140.0,1327.8199462890625,1327.8199462890625,0.0,0.002607586560771,0.24841083586216,0.0,13.0,2816.807153042769,4.0,0.0,0.0,1.0,5249.450692957153,4.0,26831957.89,1854275.37,0.0,0.0,61764.54,0.0,0.0,POINT (-7.481530279613996 33.62444013010303),"arrondissement de Sidi Bernoussi مقاطعة سيدي البرنوصي, préfecture d'arrondissements de Sidi Bernoussi عمالة مقاطعات سيدي البرنوصي, Préfecture de Casablanca عمالة الدار البيضاء, Casablanca-Settat ⵜⵉⴳⵎⵉ ⵜⵓⵎⵍⵉⵍⵜ-ⵙⵟⵟⴰⵜ الدار البيضاء-سطات, 200000, Maroc / ⵍⵎⵖⵔⵉⴱ / المغرب"
110,110.0,Moulay Youssef,88758.46875,17080.8828125,473553.25,12660.2099609375,12660.2099609375,0.0,0.000349612091668,0.158626869320869,0.0,19.0,11759.860024863281,59.0,7008.58575507459,38.0,0.0,4526.71034864061,20.0,3599081.27,168018.36,1215.52,36680535.160000004,34024.53,0.0,23493.08,POINT (-7.634421075102676 33.59958307991021),"Pneu réparation, Boulevard de Bordeaux, Sidi Belyout ⵙⵉⴷⵉ ⴱⵍⵢⵓⵟ سيدي بليوط, arrondissement de Sidi Belyout مقاطعة سيدي بليوط, Pachalik de Casablanca, Préfecture de Casablanca عمالة الدار البيضاء, Casablanca-Settat ⵜⵉⴳⵎⵉ ⵜⵓⵎⵍⵉⵍⵜ-ⵙⵟⵟⴰⵜ الدار البيضاء-سطات, 20040, Maroc / ⵍⵎⵖⵔⵉⴱ / المغرب"
111,111.0,Moulay Youssef,88758.46875,17080.8828125,473553.25,12660.2099609375,12660.2099609375,0.0,0.000349612091668,0.158626869320869,0.0,19.0,11759.860024863281,59.0,7008.58575507459,38.0,0.0,4526.71034864061,20.0,3599081.27,168018.36,1215.52,36680535.160000004,34024.53,0.0,23493.08,POINT (-7.619358756790684 33.60559831974439),"ميناء الدار البيضاء Port de Casablanca, Sidi Belyout ⵙⵉⴷⵉ ⴱⵍⵢⵓⵟ سيدي بليوط, Casablanca ⵜⵉⴳⵎⵉ ⵜⵓⵎⵍⵉⵍⵜ الدار البيضاء, Pachalik de Casablanca, Préfecture de Casablanca عمالة الدار البيضاء, Casablanca-Settat ⵜⵉⴳⵎⵉ ⵜⵓⵎⵍⵉⵍⵜ-ⵙⵟⵟⴰⵜ الدار البيضاء-سطات, 20004, Maroc / ⵍⵎⵖⵔⵉⴱ / المغرب"
112,112.0,Moulay Youssef,88758.46875,17080.8828125,473553.25,12660.2099609375,12660.2099609375,0.0,0.000349612091668,0.158626869320869,0.0,19.0,11759.860024863281,59.0,7008.58575507459,38.0,0.0,4526.71034864061,20.0,3599081.27,168018.36,1215.52,36680535.160000004,34024.53,0.0,23493.08,POINT (-7.628564980019771 33.60534333123121),"Parc des expositions, Derb Tazi Rue 1, Sour Jdid السور الجديد, Casablanca ⵜⵉⴳⵎⵉ ⵜⵓⵎⵍⵉⵍⵜ الدار البيضاء, Pachalik de Casablanca, Préfecture de Casablanca عمالة الدار البيضاء, Casablanca-Settat ⵜⵉⴳⵎⵉ ⵜⵓⵎⵍⵉⵍⵜ-ⵙⵟⵟⴰⵜ الدار البيضاء-سطات, 20000, Maroc / ⵍⵎⵖⵔⵉⴱ / المغرب"
113,113.0,Moulay Youssef,88758.46875,17080.8828125,473553.25,12660.2099609375,12660.2099609375,0.0,0.000349612091668,0.158626869320869,0.0,19.0,11759.860024863281,59.0,7008.58575507459,38.0,0.0,4526.71034864061,20.0,3599081.27,168018.36,1215.52,36680535.160000004,34024.53,0.0,23493.08,POINT (-7.609199075481694 33.61231389195819),"ميناء الدار البيضاء Port de Casablanca, Sidi Belyout ⵙⵉⴷⵉ ⴱⵍⵢⵓⵟ سيدي بليوط, Casablanca ⵜⵉⴳⵎⵉ ⵜⵓⵎⵍⵉⵍⵜ الدار البيضاء, Pachalik de Casablanca, Préfecture de Casablanca عمالة الدار البيضاء, Casablanca-Settat ⵜⵉⴳⵎⵉ ⵜⵓⵎⵍⵉⵍⵜ-ⵙⵟⵟⴰⵜ الدار البيضاء-سطات, 20004, Maroc / ⵍⵎⵖⵔⵉⴱ / المغرب"
114,114.0,Moulay Youssef,88758.46875,17080.8828125,473553.25,12660.2099609375,12660.2099609375,0.0,0.000349612091668,0.158626869320869,0.0,19.0,11759.860024863281,59.0,7008.58575507459,38.0,0.0,4526.71034864061,20.0,3599081.27,168018.36,1215.52,36680535.160000004,34024.53,0.0,23493.08,POINT (-7.637821262107074 33.59180443723376),
